insert into Stores(Store_id, Operating_hours, Size_) values (1, '08:00-21:00', 340);
insert into StorePhoneNo(Numb, Phone_id, Store_id) values('2106423178', 1, 1);
insert into StoreAddress(Store_id, Adr_id, Street, Number_, Postal_code, City) values(1, 1, 'Georgiou Kerdinou', '69', '11522', 'Athens');
insert into Stores(Store_id, Operating_hours, Size_) values (2, '09:00-21:00', 280);
insert into StorePhoneNo(Numb, Phone_id, Store_id) values('2103213590', 2, 2);
insert into StoreAddress(Store_id, Adr_id, Street, Number_, Postal_code, City) values(2, 2, 'Korai', '3', '10564', 'Athens');
insert into Stores(Store_id, Operating_hours, Size_) values (3, '07:00-21:00', 420);
insert into StorePhoneNo(Numb, Phone_id, Store_id) values('2109213043', 3, 3);
insert into StoreAddress(Store_id, Adr_id, Street, Number_, Postal_code, City) values(3, 3, 'Dimitrakopoulou', '72', '11741', 'Athens');
insert into Stores(Store_id, Operating_hours, Size_) values (4, '07:00-21:00', 420);
insert into StorePhoneNo(Numb, Phone_id, Store_id) values('2106421150', 4, 4);
insert into StoreAddress(Store_id, Adr_id, Street, Number_, Postal_code, City) values(4, 4, 'Valtinon', '30', '11474', 'Athens');
insert into Stores(Store_id, Operating_hours, Size_) values (5, '08:00-21:00', 300);
insert into StorePhoneNo(Numb, Phone_id, Store_id) values('2721027043', 5, 5);
insert into StoreAddress(Store_id, Adr_id, Street, Number_, Postal_code, City) values(5, 5, 'Kallipateiras', '91', '24100', 'Kalamata');
insert into Stores(Store_id, Operating_hours, Size_) values (6, '08:00-21:00', 242);
insert into StorePhoneNo(Numb, Phone_id, Store_id) values('2721096170', 6, 6);
insert into StoreAddress(Store_id, Adr_id, Street, Number_, Postal_code, City) values(6, 6, 'Akrita', '1', '24100', 'Kalamata');
insert into Stores(Store_id, Operating_hours, Size_) values (7, '07:00-21:00', 180);
insert into StorePhoneNo(Numb, Phone_id, Store_id) values('2721085388', 7, 7);
insert into StoreAddress(Store_id, Adr_id, Street, Number_, Postal_code, City) values(7, 7, 'Psaron', '106', '24100', 'Kalamata');
insert into Stores(Store_id, Operating_hours, Size_) values (8, '07:00-21:00', 296);
insert into StorePhoneNo(Numb, Phone_id, Store_id) values('2231052871', 8, 8);
insert into StoreAddress(Store_id, Adr_id, Street, Number_, Postal_code, City) values(8, 8, 'Karagianopoulou', '3', '35100', 'Lamia');
insert into Stores(Store_id, Operating_hours, Size_) values (9, '09:00-21:00', 500);
insert into StorePhoneNo(Numb, Phone_id, Store_id) values('2231021274', 9, 9);
insert into StoreAddress(Store_id, Adr_id, Street, Number_, Postal_code, City) values(9, 9, 'Pylou', '24', '35100', 'Lamia');
insert into Stores(Store_id, Operating_hours, Size_) values (10, '09:00-21:00', 410);
insert into StorePhoneNo(Numb, Phone_id, Store_id) values('2231084059', 10, 10);
insert into StorePhoneNo(Numb, Phone_id, Store_id) values('2231098461', 11, 10);
insert into StoreAddress(Store_id, Adr_id, Street, Number_, Postal_code, City) values(10, 10, 'Arkadiou', '4', '35100', 'Lamia');
insert into Category(Category_id, Name) values (1,'Fresh Products');
insert into Category(Category_id, Name) values (2,'Fridge Products');
insert into Category(Category_id, Name) values (3,'Liquors and Spirits');
insert into Category(Category_id, Name) values (4,'Self Care Products');
insert into Category(Category_id, Name) values (5,'Home Products');
insert into Category(Category_id, Name) values (6,'Pet Products');
insert into Products(Barcode, Price, Name, Brand_name, Store_label, Category_id, Date_created) values ('9457813465', 2.93, 'Apples', 'Golden', 0, 1,'2020-01-01');
insert into HadOlderPrice(Start_date, Price, End_date, Barcode) values ('2020-01-01', 3.04, '2020-03-04','9457813465');
insert into HadOlderPrice(Start_date, Price, End_date, Barcode) values ('2020-04-01', 2.8, '2020-04-10','9457813465');
insert into Products(Barcode, Price, Name, Brand_name, Store_label, Category_id, Date_created) values ('7946842152', 4.37, 'Pears', 'Conference', 0, 1,'2020-01-01');
insert into HadOlderPrice(Start_date, Price, End_date, Barcode) values ('2020-01-01', 4.00, '2020-04-04','7946842152');
insert into Products(Barcode, Price, Name, Brand_name, Store_label, Category_id, Date_created) values ('7986121145', 5.4, 'Avocado', 'Biofarm', 1, 1,'2020-01-01');
insert into Products(Barcode, Price, Name, Brand_name, Store_label, Category_id, Date_created) values ('9458871645', 3.21, 'Oranges', 'Conference', 0, 1,'2020-01-01');
insert into HadOlderPrice(Start_date, Price, End_date, Barcode) values ('2020-01-01', 2.5, '2020-03-04','9458871645');
insert into HadOlderPrice(Start_date, Price, End_date, Barcode) values ('2020-03-05', 2.9, '2020-03-24','9458871645');
insert into HadOlderPrice(Start_date, Price, End_date, Barcode) values ('2020-03-25', 3.46, '2020-04-04','9458871645');
insert into Products(Barcode, Price, Name, Brand_name, Store_label, Category_id, Date_created) values ('4385784111', 3.24, 'Bananas', 'Dole', 1, 1,'2020-01-01');
insert into Products(Barcode, Price, Name, Brand_name, Store_label, Category_id, Date_created) values ('7784859699', 3.2, 'Pork', '', 1, 1,'2020-01-01');
insert into Products(Barcode, Price, Name, Brand_name, Store_label, Category_id, Date_created) values ('7784859691', 2.4, 'Chicken', '', 0, 1,'2020-01-01');
insert into HadOlderPrice(Start_date, Price, End_date, Barcode) values ('2020-01-01', 3.4, '2020-03-04','7784859691');
insert into Products(Barcode, Price, Name, Brand_name, Store_label, Category_id, Date_created) values ('4444587133', 1.5, 'Lamp Head', '', 1, 1,'2020-01-01');
insert into Products(Barcode, Price, Name, Brand_name, Store_label, Category_id, Date_created) values ('1119786455', 2.6, 'Meatballs', '', 1, 1,'2020-01-01');
insert into Products(Barcode, Price, Name, Brand_name, Store_label, Category_id, Date_created) values ('4689751247', 5.2, 'Pineapple', 'Biofarm', 1, 1,'2020-01-01');
insert into Products(Barcode, Price, Name, Brand_name, Store_label, Category_id, Date_created) values ('4876969691', 1.08, 'Kefir', 'Olympos', 1, 2,'2020-01-01');
insert into Products(Barcode, Price, Name, Brand_name, Store_label, Category_id, Date_created) values ('7988841112', 1.2, 'ChocoMilk', 'Rodopaki', 1, 2,'2020-01-01');
insert into Products(Barcode, Price, Name, Brand_name, Store_label, Category_id, Date_created) values ('9273049372', 1.45, 'Milk', 'Delta', 1, 2,'2020-01-01');
insert into Products(Barcode, Price, Name, Brand_name, Store_label, Category_id, Date_created) values ('7848784753', 1.98, 'Eggs', 'Xrysa Ayga', 1, 2,'2020-01-01');
insert into Products(Barcode, Price, Name, Brand_name, Store_label, Category_id, Date_created) values ('9647851112', 0.78, 'Danone', 'Activia', 1, 2,'2020-01-01');
insert into Products(Barcode, Price, Name, Brand_name, Store_label, Category_id, Date_created) values ('9986157468', 0.9, 'Light Yogurt', 'Rodopi', 0, 2,'2020-01-01');
insert into HadOlderPrice(Start_date, Price, End_date, Barcode) values ('2020-01-01', 1.2, '2020-02-04','9986157468');
insert into HadOlderPrice(Start_date, Price, End_date, Barcode) values ('2020-02-05', 1.1, '2020-03-24','9986157468');
insert into Products(Barcode, Price, Name, Brand_name, Store_label, Category_id, Date_created) values ('4475837200', 0.95, 'Cream', 'Marata', 0, 2,'2020-01-01');
insert into HadOlderPrice(Start_date, Price, End_date, Barcode) values ('2020-01-01', 3.4, '2020-03-04','4475837200');
insert into Products(Barcode, Price, Name, Brand_name, Store_label, Category_id, Date_created) values ('0182740844', 0.7, 'Bueno', 'Kinder', 0, 2,'2020-01-01');
insert into HadOlderPrice(Start_date, Price, End_date, Barcode) values ('2020-01-01', 0.64, '2020-04-04','0182740844');
insert into Products(Barcode, Price, Name, Brand_name, Store_label, Category_id, Date_created) values ('7784547843', 1.0, 'Nut Bar', 'Flapjack', 0, 2,'2020-01-01');
insert into HadOlderPrice(Start_date, Price, End_date, Barcode) values ('2020-01-01', 2.04, '2020-03-24','7784547843');
insert into HadOlderPrice(Start_date, Price, End_date, Barcode) values ('2020-03-24', 1.5, '2020-04-14','7784547843');
insert into Products(Barcode, Price, Name, Brand_name, Store_label, Category_id, Date_created) values ('1000488743', 2.4, 'Tyrokafterh', 'AlfaStar', 0, 2,'2020-01-01');
insert into HadOlderPrice(Start_date, Price, End_date, Barcode) values ('2020-01-01', 3.4, '2020-02-04','1000488743');
insert into Products(Barcode, Price, Name, Brand_name, Store_label, Category_id, Date_created) values ('0645158001', 3.52, 'Beer 4pack', 'Alfa', 1, 3,'2020-01-01');
insert into Products(Barcode, Price, Name, Brand_name, Store_label, Category_id, Date_created) values ('4460322153', 3.74, 'Beer 6pack', 'Bergina', 1, 3,'2020-01-01');
insert into Products(Barcode, Price, Name, Brand_name, Store_label, Category_id, Date_created) values ('3659568874', 1.51, 'Sangria', 'Don Simon', 1, 3,'2020-01-01');
insert into Products(Barcode, Price, Name, Brand_name, Store_label, Category_id, Date_created) values ('7874585330', 1.9, 'White wine', 'Pareas', 1, 3,'2020-01-01');
insert into Products(Barcode, Price, Name, Brand_name, Store_label, Category_id, Date_created) values ('2223656581', 2.04, 'Red Wine', 'Pareas', 1, 3,'2020-01-01');
insert into Products(Barcode, Price, Name, Brand_name, Store_label, Category_id, Date_created) values ('7774464646', 2.92, 'Ouzo', 'Mini', 1, 3,'2020-01-01');
insert into Products(Barcode, Price, Name, Brand_name, Store_label, Category_id, Date_created) values ('7774464647', 3.36, 'Tsipouro', 'Mpampatzim', 1, 3,'2020-01-01');
insert into Products(Barcode, Price, Name, Brand_name, Store_label, Category_id, Date_created) values ('7774464648', 13, 'Cognac', 'Metaxa', 1, 3,'2020-01-01');
insert into Products(Barcode, Price, Name, Brand_name, Store_label, Category_id, Date_created) values ('7774464231', 15.50, 'Vodka', 'Absolut', 1, 3,'2020-01-01');
insert into Products(Barcode, Price, Name, Brand_name, Store_label, Category_id, Date_created) values ('4325784111', 24.96, 'Whiskey', 'Jack Daniels', 1, 3,'2020-01-01');
insert into Products(Barcode, Price, Name, Brand_name, Store_label, Category_id, Date_created) values ('4965879533',1.79 , 'Toothbrush', 'Colgate', 1, 4,'2020-01-01');
insert into Products(Barcode, Price, Name, Brand_name, Store_label, Category_id, Date_created) values ('3666321005', 2.19, 'Toothpaste', 'White System', 1, 4,'2020-01-01');
insert into Products(Barcode, Price, Name, Brand_name, Store_label, Category_id, Date_created) values ('4415266990', 31.19, 'Eau De Toilete', 'Prada', 1, 4,'2020-01-01');
insert into Products(Barcode, Price, Name, Brand_name, Store_label, Category_id, Date_created) values ('4444555512', 3.56, 'Shampoo', 'Elvive', 1, 4,'2020-01-01');
insert into Products(Barcode, Price, Name, Brand_name, Store_label, Category_id, Date_created) values ('1212120003', 5.5, 'Conditioner', 'Loreal', 1, 4,'2020-01-01');
insert into Products(Barcode, Price, Name, Brand_name, Store_label, Category_id, Date_created) values ('6666555551', 4.9, 'Shaving Cream', 'Bic', 1, 4,'2020-01-01');
insert into Products(Barcode, Price, Name, Brand_name, Store_label, Category_id, Date_created) values ('4447859992',70 , 'Antiage Cream', 'Clinique', 0, 4,'2020-01-01');
insert into HadOlderPrice(Start_date, Price, End_date, Barcode) values ('2020-01-01',80 , '2020-02-04','4447859992');
insert into HadOlderPrice(Start_date, Price, End_date, Barcode) values ('2020-02-05',60 , '2020-03-04','4447859992');
insert into HadOlderPrice(Start_date, Price, End_date, Barcode) values ('2020-03-05',74 , '2020-04-08','4447859992');
insert into Products(Barcode, Price, Name, Brand_name, Store_label, Category_id, Date_created) values ('6489200132', 12, 'Face Mask', 'Bioten', 0, 4,'2020-01-01');
insert into HadOlderPrice(Start_date, Price, End_date, Barcode) values ('2020-01-01', 9.5, '2020-03-04','6489200132');
insert into HadOlderPrice(Start_date, Price, End_date, Barcode) values ('2020-03-04',11.2 , '2020-03-21','6489200132');
insert into Products(Barcode, Price, Name, Brand_name, Store_label, Category_id, Date_created) values ('5100232520', 20, 'Teeth Whitening Pen', 'Moon', 0, 4,'2020-01-01');
insert into HadOlderPrice(Start_date, Price, End_date, Barcode) values ('2020-01-01', 24, '2020-03-27','5100232520');
insert into Products(Barcode, Price, Name, Brand_name, Store_label, Category_id, Date_created) values ('7784589630', 12, 'Amethyst Crystal Cleaner', '', 0, 4,'2020-01-01');
insert into HadOlderPrice(Start_date, Price, End_date, Barcode) values ('2020-01-01', 19, '2020-04-25','7784589630');
insert into Products(Barcode, Price, Name, Brand_name, Store_label, Category_id, Date_created) values ('6584756985', 150, 'Woven Rug', 'Wyat', 1, 5,'2020-01-01');
insert into Products(Barcode, Price, Name, Brand_name, Store_label, Category_id, Date_created) values ('2103254875', 69, 'Window Panel', 'Homedecor', 1, 5,'2020-01-01');
insert into Products(Barcode, Price, Name, Brand_name, Store_label, Category_id, Date_created) values ('6458954112',249 , 'Wooden Mirror', 'Homedecor', 1, 5,'2020-01-01');
insert into Products(Barcode, Price, Name, Brand_name, Store_label, Category_id, Date_created) values ('1033659896', 50, 'Chair', 'Homedecor', 1, 5,'2020-01-01');
insert into Products(Barcode, Price, Name, Brand_name, Store_label, Category_id, Date_created) values ('0012121036', 15, 'Plastic Chair', '', 1, 5,'2020-01-01');
insert into Products(Barcode, Price, Name, Brand_name, Store_label, Category_id, Date_created) values ('6941035879', 100, 'Table', 'Homedecor', 1, 5,'2020-01-01');
insert into Products(Barcode, Price, Name, Brand_name, Store_label, Category_id, Date_created) values ('3330323201', 500, 'Sofa', 'Homedecor', 0, 5,'2020-01-01');
insert into HadOlderPrice(Start_date, Price, End_date, Barcode) values ('2020-01-01', 560, '2020-02-04','3330323201');
insert into HadOlderPrice(Start_date, Price, End_date, Barcode) values ('2020-02-05',480 , '2020-03-04','3330323201');
insert into HadOlderPrice(Start_date, Price, End_date, Barcode) values ('2020-03-05',471 , '2020-04-08','3330323201');
insert into Products(Barcode, Price, Name, Brand_name, Store_label, Category_id, Date_created) values ('6495687410', 4, 'Trash Can', 'Homedecor', 0, 5,'2020-01-01');
insert into HadOlderPrice(Start_date, Price, End_date, Barcode) values ('2020-01-01', 6,'2020-03-04','6495687410');
insert into HadOlderPrice(Start_date, Price, End_date, Barcode) values ('2020-03-04', 5.2,'2020-03-21','6495687410');
insert into Products(Barcode, Price, Name, Brand_name, Store_label, Category_id, Date_created) values ('6951000236',31 , 'Lamp', 'Homedecor', 0, 5,'2020-01-01');
insert into HadOlderPrice(Start_date, Price, End_date, Barcode) values ('2020-01-01', 25, '2020-03-27','6951000236');
insert into Products(Barcode, Price, Name, Brand_name, Store_label, Category_id, Date_created) values ('8342876655',3 , 'Tv Screen Cleaner', '', 0, 5,'2020-01-01');
insert into HadOlderPrice(Start_date, Price, End_date, Barcode) values ('2020-01-01', 2.1, '2020-04-25','8342876655');
insert into Products(Barcode, Price, Name, Brand_name, Store_label, Category_id, Date_created) values ('4587963201', 25, 'Dog Food', 'Pet4u', 1, 6,'2020-01-01');
insert into Products(Barcode, Price, Name, Brand_name, Store_label, Category_id, Date_created) values ('4785469600',25 , 'Cat Food', 'Pet4u', 1, 6,'2020-01-01');
insert into Products(Barcode, Price, Name, Brand_name, Store_label, Category_id, Date_created) values ('3333333212', 10, 'Fish Food', 'Pet4u', 1, 6,'2020-01-01');
insert into Products(Barcode, Price, Name, Brand_name, Store_label, Category_id, Date_created) values ('1000000002', 12, 'Turtle Food', 'Pet4u', 1, 6,'2020-01-01');
insert into Products(Barcode, Price, Name, Brand_name, Store_label, Category_id, Date_created) values ('1000000230',42 , 'Lizard Food', 'Pet4u', 1, 6,'2020-01-01');
insert into Products(Barcode, Price, Name, Brand_name, Store_label, Category_id, Date_created) values ('5555555555',3 , 'Bird Food', '', 1, 6,'2020-01-01');
insert into Products(Barcode, Price, Name, Brand_name, Store_label, Category_id, Date_created) values ('6666666666',4 , 'Mice Food', 'Pet4u', 0, 6,'2020-01-01');
insert into HadOlderPrice(Start_date, Price, End_date, Barcode) values ('2020-01-01',4.5 , '2020-02-04','6666666666');
insert into HadOlderPrice(Start_date, Price, End_date, Barcode) values ('2020-02-05', 4.9, '2020-03-04','6666666666');
insert into HadOlderPrice(Start_date, Price, End_date, Barcode) values ('2020-03-05', 5.1, '2020-04-08','6666666666');
insert into Products(Barcode, Price, Name, Brand_name, Store_label, Category_id, Date_created) values ('1010144512', 60, 'Snake Food', 'Pet4u', 0, 6,'2020-01-01');
insert into HadOlderPrice(Start_date, Price, End_date, Barcode) values ('2020-01-01', 62,'2020-03-04','1010144512');
insert into HadOlderPrice(Start_date, Price, End_date, Barcode) values ('2020-03-04', 30, '2020-03-21','1010144512');
insert into Products(Barcode, Price, Name, Brand_name, Store_label, Category_id, Date_created) values ('1010101010',7 , 'Rabbit Food', 'Pet4u', 0, 6,'2020-01-01');
insert into HadOlderPrice(Start_date, Price, End_date, Barcode) values ('2020-01-01', 8, '2020-03-27','1010101010');
insert into Products(Barcode, Price, Name, Brand_name, Store_label, Category_id, Date_created) values ('4242424242', 100, 'Animal Cage', 'Pet4u', 0, 6,'2020-01-01');
insert into HadOlderPrice(Start_date, Price, End_date, Barcode) values ('2020-01-01',132 , '2020-04-25','4242424242');
insert into StoreProvidesCategory(Store_id, Category_id) values (1,1);
insert into StoreProvidesCategory(Store_id, Category_id) values (1,2);
insert into StoreProvidesCategory(Store_id, Category_id) values (1,3);
insert into StoreProvidesCategory(Store_id, Category_id) values (1,4);
insert into StoreProvidesCategory(Store_id, Category_id) values (1,5);
insert into StoreProvidesCategory(Store_id, Category_id) values (1,6);
insert into StoreOffersProduct(Store_id, Barcode, Alley, Shelf) values (1,'1119786455' , 1, 1);
insert into StoreOffersProduct(Store_id, Barcode, Alley, Shelf) values (1,'4385784111' , 1, 2);
insert into StoreOffersProduct(Store_id, Barcode, Alley, Shelf) values (1,'4444587133' , 1, 3);
insert into StoreOffersProduct(Store_id, Barcode, Alley, Shelf) values (1,'4689751247' , 1, 4);
insert into StoreOffersProduct(Store_id, Barcode, Alley, Shelf) values (1,'7784859691' , 1, 5);
insert into StoreOffersProduct(Store_id, Barcode, Alley, Shelf) values (1,'7784859699' , 1, 6);
insert into StoreOffersProduct(Store_id, Barcode, Alley, Shelf) values (1,'7946842152' , 1, 7);
insert into StoreOffersProduct(Store_id, Barcode, Alley, Shelf) values (1,'7986121145' , 1, 8);
insert into StoreOffersProduct(Store_id, Barcode, Alley, Shelf) values (1,'9457813465' , 1, 9);
insert into StoreOffersProduct(Store_id, Barcode, Alley, Shelf) values (1,'9458871645' , 1, 10);
insert into StoreOffersProduct(Store_id, Barcode, Alley, Shelf) values (1,'0182740844' , 2, 10);
insert into StoreOffersProduct(Store_id, Barcode, Alley, Shelf) values (1,'1000488743' , 2, 1);
insert into StoreOffersProduct(Store_id, Barcode, Alley, Shelf) values (1,'4475837200' , 2, 2);
insert into StoreOffersProduct(Store_id, Barcode, Alley, Shelf) values (1,'4876969691' , 2, 8);
insert into StoreOffersProduct(Store_id, Barcode, Alley, Shelf) values (1,'7784547843' , 2, 7);
insert into StoreOffersProduct(Store_id, Barcode, Alley, Shelf) values (1,'7848784753' , 2, 9);
insert into StoreOffersProduct(Store_id, Barcode, Alley, Shelf) values (1,'7988841112' , 2, 4);
insert into StoreOffersProduct(Store_id, Barcode, Alley, Shelf) values (1,'9273049372' , 2, 6);
insert into StoreOffersProduct(Store_id, Barcode, Alley, Shelf) values (1,'9647851112' , 2, 5);
insert into StoreOffersProduct(Store_id, Barcode, Alley, Shelf) values (1,'9986157468' , 2, 3);
insert into StoreOffersProduct(Store_id, Barcode, Alley, Shelf) values (1,'0645158001' , 3, 8);
insert into StoreOffersProduct(Store_id, Barcode, Alley, Shelf) values (1,'2223656581' , 3, 5);
insert into StoreOffersProduct(Store_id, Barcode, Alley, Shelf) values (1,'3659568874' , 3, 2);
insert into StoreOffersProduct(Store_id, Barcode, Alley, Shelf) values (1,'4325784111' , 3, 6);
insert into StoreOffersProduct(Store_id, Barcode, Alley, Shelf) values (1,'4460322153' , 3, 7);
insert into StoreOffersProduct(Store_id, Barcode, Alley, Shelf) values (1,'7774464231' , 3, 1);
insert into StoreOffersProduct(Store_id, Barcode, Alley, Shelf) values (1,'7774464646' , 3, 9);
insert into StoreOffersProduct(Store_id, Barcode, Alley, Shelf) values (1,'7774464647' , 3, 3);
insert into StoreOffersProduct(Store_id, Barcode, Alley, Shelf) values (1,'7774464648' , 3, 10);
insert into StoreOffersProduct(Store_id, Barcode, Alley, Shelf) values (1,'7874585330' , 3, 4);
insert into StoreOffersProduct(Store_id, Barcode, Alley, Shelf) values (1,'1212120003' , 4, 5);
insert into StoreOffersProduct(Store_id, Barcode, Alley, Shelf) values (1,'3666321005' , 4, 6);
insert into StoreOffersProduct(Store_id, Barcode, Alley, Shelf) values (1,'4415266990' , 4, 2);
insert into StoreOffersProduct(Store_id, Barcode, Alley, Shelf) values (1,'4444555512' , 4, 7);
insert into StoreOffersProduct(Store_id, Barcode, Alley, Shelf) values (1,'4447859992' , 4, 1);
insert into StoreOffersProduct(Store_id, Barcode, Alley, Shelf) values (1,'4965879533' , 4, 8);
insert into StoreOffersProduct(Store_id, Barcode, Alley, Shelf) values (1,'5100232520' , 4, 9);
insert into StoreOffersProduct(Store_id, Barcode, Alley, Shelf) values (1,'6489200132' , 4, 4);
insert into StoreOffersProduct(Store_id, Barcode, Alley, Shelf) values (1,'6666555551' , 4, 10);
insert into StoreOffersProduct(Store_id, Barcode, Alley, Shelf) values (1,'7784589630' , 4, 3);
insert into StoreOffersProduct(Store_id, Barcode, Alley, Shelf) values (1,'0012121036' , 5, 1);
insert into StoreOffersProduct(Store_id, Barcode, Alley, Shelf) values (1,'1033659896' , 5, 2);
insert into StoreOffersProduct(Store_id, Barcode, Alley, Shelf) values (1,'2103254875' , 5, 3);
insert into StoreOffersProduct(Store_id, Barcode, Alley, Shelf) values (1,'3330323201' , 5, 5);
insert into StoreOffersProduct(Store_id, Barcode, Alley, Shelf) values (1,'6458954112' , 5, 4);
insert into StoreOffersProduct(Store_id, Barcode, Alley, Shelf) values (1,'6495687410' , 5, 6);
insert into StoreOffersProduct(Store_id, Barcode, Alley, Shelf) values (1,'6584756985' , 5, 7);
insert into StoreOffersProduct(Store_id, Barcode, Alley, Shelf) values (1,'6941035879' , 5, 8);
insert into StoreOffersProduct(Store_id, Barcode, Alley, Shelf) values (1,'6951000236' , 5, 10);
insert into StoreOffersProduct(Store_id, Barcode, Alley, Shelf) values (1,'8342876655' , 5, 9);
insert into StoreOffersProduct(Store_id, Barcode, Alley, Shelf) values (1,'1000000002' , 6, 4);
insert into StoreOffersProduct(Store_id, Barcode, Alley, Shelf) values (1,'1000000230' , 6, 7);
insert into StoreOffersProduct(Store_id, Barcode, Alley, Shelf) values (1,'1010101010' , 6, 5);
insert into StoreOffersProduct(Store_id, Barcode, Alley, Shelf) values (1,'1010144512' , 6, 8);
insert into StoreOffersProduct(Store_id, Barcode, Alley, Shelf) values (1,'3333333212' , 6, 2);
insert into StoreOffersProduct(Store_id, Barcode, Alley, Shelf) values (1,'4242424242' , 6, 9);
insert into StoreOffersProduct(Store_id, Barcode, Alley, Shelf) values (1,'4587963201' , 6, 6);
insert into StoreOffersProduct(Store_id, Barcode, Alley, Shelf) values (1,'4785469600' , 6, 3);
insert into StoreOffersProduct(Store_id, Barcode, Alley, Shelf) values (1,'5555555555' , 6, 1);
insert into StoreOffersProduct(Store_id, Barcode, Alley, Shelf) values (1,'6666666666' , 6, 10);
insert into StoreProvidesCategory(Store_id, Category_id) values (2,1);
insert into StoreProvidesCategory(Store_id, Category_id) values (2,2);
insert into StoreProvidesCategory(Store_id, Category_id) values (2,3);
insert into StoreProvidesCategory(Store_id, Category_id) values (2,4);
insert into StoreProvidesCategory(Store_id, Category_id) values (2,5);
insert into StoreProvidesCategory(Store_id, Category_id) values (2,6);
insert into StoreOffersProduct(Store_id, Barcode, Alley, Shelf) values (2,'1119786455' , 1, 2);
insert into StoreOffersProduct(Store_id, Barcode, Alley, Shelf) values (2,'4385784111' , 1, 5);
insert into StoreOffersProduct(Store_id, Barcode, Alley, Shelf) values (2,'4444587133' , 1, 6);
insert into StoreOffersProduct(Store_id, Barcode, Alley, Shelf) values (2,'4689751247' , 1, 8);
insert into StoreOffersProduct(Store_id, Barcode, Alley, Shelf) values (2,'7784859691' , 1, 9);
insert into StoreOffersProduct(Store_id, Barcode, Alley, Shelf) values (2,'7784859699' , 1, 1);
insert into StoreOffersProduct(Store_id, Barcode, Alley, Shelf) values (2,'7946842152' , 1, 4);
insert into StoreOffersProduct(Store_id, Barcode, Alley, Shelf) values (2,'7986121145' , 1, 7);
insert into StoreOffersProduct(Store_id, Barcode, Alley, Shelf) values (2,'9457813465' , 1, 10);
insert into StoreOffersProduct(Store_id, Barcode, Alley, Shelf) values (2,'9458871645' , 1, 3);
insert into StoreOffersProduct(Store_id, Barcode, Alley, Shelf) values (2,'0182740844' , 2, 10);
insert into StoreOffersProduct(Store_id, Barcode, Alley, Shelf) values (2,'1000488743' , 2, 5);
insert into StoreOffersProduct(Store_id, Barcode, Alley, Shelf) values (2,'4475837200' , 2, 8);
insert into StoreOffersProduct(Store_id, Barcode, Alley, Shelf) values (2,'4876969691' , 2, 2);
insert into StoreOffersProduct(Store_id, Barcode, Alley, Shelf) values (2,'7784547843' , 2, 9);
insert into StoreOffersProduct(Store_id, Barcode, Alley, Shelf) values (2,'7848784753' , 2, 6);
insert into StoreOffersProduct(Store_id, Barcode, Alley, Shelf) values (2,'7988841112' , 2, 3);
insert into StoreOffersProduct(Store_id, Barcode, Alley, Shelf) values (2,'9273049372' , 2, 7);
insert into StoreOffersProduct(Store_id, Barcode, Alley, Shelf) values (2,'9647851112' , 2, 4);
insert into StoreOffersProduct(Store_id, Barcode, Alley, Shelf) values (2,'9986157468' , 2, 1);
insert into StoreOffersProduct(Store_id, Barcode, Alley, Shelf) values (2,'0645158001' , 3, 2);
insert into StoreOffersProduct(Store_id, Barcode, Alley, Shelf) values (2,'2223656581' , 3, 8);
insert into StoreOffersProduct(Store_id, Barcode, Alley, Shelf) values (2,'3659568874' , 3, 4);
insert into StoreOffersProduct(Store_id, Barcode, Alley, Shelf) values (2,'4325784111' , 3, 6);
insert into StoreOffersProduct(Store_id, Barcode, Alley, Shelf) values (2,'4460322153' , 3, 7);
insert into StoreOffersProduct(Store_id, Barcode, Alley, Shelf) values (2,'7774464231' , 3, 1);
insert into StoreOffersProduct(Store_id, Barcode, Alley, Shelf) values (2,'7774464646' , 3, 10);
insert into StoreOffersProduct(Store_id, Barcode, Alley, Shelf) values (2,'7774464647' , 3, 5);
insert into StoreOffersProduct(Store_id, Barcode, Alley, Shelf) values (2,'7774464648' , 3, 9);
insert into StoreOffersProduct(Store_id, Barcode, Alley, Shelf) values (2,'7874585330' , 3, 3);
insert into StoreOffersProduct(Store_id, Barcode, Alley, Shelf) values (2,'1212120003' , 4, 1);
insert into StoreOffersProduct(Store_id, Barcode, Alley, Shelf) values (2,'3666321005' , 4, 2);
insert into StoreOffersProduct(Store_id, Barcode, Alley, Shelf) values (2,'4415266990' , 4, 3);
insert into StoreOffersProduct(Store_id, Barcode, Alley, Shelf) values (2,'4444555512' , 4, 4);
insert into StoreOffersProduct(Store_id, Barcode, Alley, Shelf) values (2,'4447859992' , 4, 5);
insert into StoreOffersProduct(Store_id, Barcode, Alley, Shelf) values (2,'4965879533' , 4, 6);
insert into StoreOffersProduct(Store_id, Barcode, Alley, Shelf) values (2,'5100232520' , 4, 7);
insert into StoreOffersProduct(Store_id, Barcode, Alley, Shelf) values (2,'6489200132' , 4, 8);
insert into StoreOffersProduct(Store_id, Barcode, Alley, Shelf) values (2,'6666555551' , 4, 9);
insert into StoreOffersProduct(Store_id, Barcode, Alley, Shelf) values (2,'7784589630' , 4, 10);
insert into StoreOffersProduct(Store_id, Barcode, Alley, Shelf) values (2,'0012121036' , 5, 1);
insert into StoreOffersProduct(Store_id, Barcode, Alley, Shelf) values (2,'1033659896' , 5, 2);
insert into StoreOffersProduct(Store_id, Barcode, Alley, Shelf) values (2,'2103254875' , 5, 3);
insert into StoreOffersProduct(Store_id, Barcode, Alley, Shelf) values (2,'3330323201' , 5, 4);
insert into StoreOffersProduct(Store_id, Barcode, Alley, Shelf) values (2,'6458954112' , 5, 5);
insert into StoreOffersProduct(Store_id, Barcode, Alley, Shelf) values (2,'6495687410' , 5, 6);
insert into StoreOffersProduct(Store_id, Barcode, Alley, Shelf) values (2,'6584756985' , 5, 7);
insert into StoreOffersProduct(Store_id, Barcode, Alley, Shelf) values (2,'6941035879' , 5, 8);
insert into StoreOffersProduct(Store_id, Barcode, Alley, Shelf) values (2,'6951000236' , 5, 9);
insert into StoreOffersProduct(Store_id, Barcode, Alley, Shelf) values (2,'8342876655' , 5, 10);
insert into StoreOffersProduct(Store_id, Barcode, Alley, Shelf) values (2,'1000000002' , 6, 1);
insert into StoreOffersProduct(Store_id, Barcode, Alley, Shelf) values (2,'1000000230' , 6, 2);
insert into StoreOffersProduct(Store_id, Barcode, Alley, Shelf) values (2,'1010101010' , 6, 6);
insert into StoreOffersProduct(Store_id, Barcode, Alley, Shelf) values (2,'1010144512' , 6, 4);
insert into StoreOffersProduct(Store_id, Barcode, Alley, Shelf) values (2,'3333333212' , 6, 5);
insert into StoreOffersProduct(Store_id, Barcode, Alley, Shelf) values (2,'4242424242' , 6, 3);
insert into StoreOffersProduct(Store_id, Barcode, Alley, Shelf) values (2,'4587963201' , 6, 7);
insert into StoreOffersProduct(Store_id, Barcode, Alley, Shelf) values (2,'4785469600' , 6, 8);
insert into StoreOffersProduct(Store_id, Barcode, Alley, Shelf) values (2,'5555555555' , 6, 9);
insert into StoreOffersProduct(Store_id, Barcode, Alley, Shelf) values (2,'6666666666' , 6, 10);
insert into StoreProvidesCategory(Store_id, Category_id) values (3,1);
insert into StoreProvidesCategory(Store_id, Category_id) values (3,2);
insert into StoreProvidesCategory(Store_id, Category_id) values (3,3);
insert into StoreProvidesCategory(Store_id, Category_id) values (3,4);
insert into StoreProvidesCategory(Store_id, Category_id) values (3,5);
insert into StoreProvidesCategory(Store_id, Category_id) values (3,6);
insert into StoreOffersProduct(Store_id, Barcode, Alley, Shelf) values (3,'1119786455' , 1, 9);
insert into StoreOffersProduct(Store_id, Barcode, Alley, Shelf) values (3,'4385784111' , 1, 2);
insert into StoreOffersProduct(Store_id, Barcode, Alley, Shelf) values (3,'4444587133' , 1, 3);
insert into StoreOffersProduct(Store_id, Barcode, Alley, Shelf) values (3,'4689751247' , 1, 4);
insert into StoreOffersProduct(Store_id, Barcode, Alley, Shelf) values (3,'7784859691' , 1, 5);
insert into StoreOffersProduct(Store_id, Barcode, Alley, Shelf) values (3,'7784859699' , 1, 6);
insert into StoreOffersProduct(Store_id, Barcode, Alley, Shelf) values (3,'7946842152' , 1, 7);
insert into StoreOffersProduct(Store_id, Barcode, Alley, Shelf) values (3,'7986121145' , 1, 8);
insert into StoreOffersProduct(Store_id, Barcode, Alley, Shelf) values (3,'9457813465' , 1, 1);
insert into StoreOffersProduct(Store_id, Barcode, Alley, Shelf) values (3,'9458871645' , 1, 10);
insert into StoreOffersProduct(Store_id, Barcode, Alley, Shelf) values (3,'0182740844' , 2, 1);
insert into StoreOffersProduct(Store_id, Barcode, Alley, Shelf) values (3,'1000488743' , 2, 2);
insert into StoreOffersProduct(Store_id, Barcode, Alley, Shelf) values (3,'4475837200' , 2, 3);
insert into StoreOffersProduct(Store_id, Barcode, Alley, Shelf) values (3,'4876969691' , 2, 10);
insert into StoreOffersProduct(Store_id, Barcode, Alley, Shelf) values (3,'7784547843' , 2, 7);
insert into StoreOffersProduct(Store_id, Barcode, Alley, Shelf) values (3,'7848784753' , 2, 5);
insert into StoreOffersProduct(Store_id, Barcode, Alley, Shelf) values (3,'7988841112' , 2, 6);
insert into StoreOffersProduct(Store_id, Barcode, Alley, Shelf) values (3,'9273049372' , 2, 8);
insert into StoreOffersProduct(Store_id, Barcode, Alley, Shelf) values (3,'9647851112' , 2, 9);
insert into StoreOffersProduct(Store_id, Barcode, Alley, Shelf) values (3,'9986157468' , 2, 4);
insert into StoreOffersProduct(Store_id, Barcode, Alley, Shelf) values (3,'0645158001' , 3, 4);
insert into StoreOffersProduct(Store_id, Barcode, Alley, Shelf) values (3,'2223656581' , 3, 2);
insert into StoreOffersProduct(Store_id, Barcode, Alley, Shelf) values (3,'3659568874' , 3, 3);
insert into StoreOffersProduct(Store_id, Barcode, Alley, Shelf) values (3,'4325784111' , 3, 1);
insert into StoreOffersProduct(Store_id, Barcode, Alley, Shelf) values (3,'4460322153' , 3, 5);
insert into StoreOffersProduct(Store_id, Barcode, Alley, Shelf) values (3,'7774464231' , 3, 6);
insert into StoreOffersProduct(Store_id, Barcode, Alley, Shelf) values (3,'7774464646' , 3, 7);
insert into StoreOffersProduct(Store_id, Barcode, Alley, Shelf) values (3,'7774464647' , 3, 8);
insert into StoreOffersProduct(Store_id, Barcode, Alley, Shelf) values (3,'7774464648' , 3, 9);
insert into StoreOffersProduct(Store_id, Barcode, Alley, Shelf) values (3,'7874585330' , 3, 10);
insert into StoreOffersProduct(Store_id, Barcode, Alley, Shelf) values (3,'1212120003' , 4, 1);
insert into StoreOffersProduct(Store_id, Barcode, Alley, Shelf) values (3,'3666321005' , 4, 8);
insert into StoreOffersProduct(Store_id, Barcode, Alley, Shelf) values (3,'4415266990' , 4, 3);
insert into StoreOffersProduct(Store_id, Barcode, Alley, Shelf) values (3,'4444555512' , 4, 6);
insert into StoreOffersProduct(Store_id, Barcode, Alley, Shelf) values (3,'4447859992' , 4, 5);
insert into StoreOffersProduct(Store_id, Barcode, Alley, Shelf) values (3,'4965879533' , 4, 4);
insert into StoreOffersProduct(Store_id, Barcode, Alley, Shelf) values (3,'5100232520' , 4, 7);
insert into StoreOffersProduct(Store_id, Barcode, Alley, Shelf) values (3,'6489200132' , 4, 2);
insert into StoreOffersProduct(Store_id, Barcode, Alley, Shelf) values (3,'6666555551' , 4, 9);
insert into StoreOffersProduct(Store_id, Barcode, Alley, Shelf) values (3,'7784589630' , 4, 10);
insert into StoreOffersProduct(Store_id, Barcode, Alley, Shelf) values (3,'0012121036' , 5, 8);
insert into StoreOffersProduct(Store_id, Barcode, Alley, Shelf) values (3,'1033659896' , 5, 2);
insert into StoreOffersProduct(Store_id, Barcode, Alley, Shelf) values (3,'2103254875' , 5, 3);
insert into StoreOffersProduct(Store_id, Barcode, Alley, Shelf) values (3,'3330323201' , 5, 4);
insert into StoreOffersProduct(Store_id, Barcode, Alley, Shelf) values (3,'6458954112' , 5, 5);
insert into StoreOffersProduct(Store_id, Barcode, Alley, Shelf) values (3,'6495687410' , 5, 6);
insert into StoreOffersProduct(Store_id, Barcode, Alley, Shelf) values (3,'6584756985' , 5, 7);
insert into StoreOffersProduct(Store_id, Barcode, Alley, Shelf) values (3,'6941035879' , 5, 1);
insert into StoreOffersProduct(Store_id, Barcode, Alley, Shelf) values (3,'6951000236' , 5, 9);
insert into StoreOffersProduct(Store_id, Barcode, Alley, Shelf) values (3,'8342876655' , 5, 10);
insert into StoreOffersProduct(Store_id, Barcode, Alley, Shelf) values (3,'1000000002' , 6, 8);
insert into StoreOffersProduct(Store_id, Barcode, Alley, Shelf) values (3,'1000000230' , 6, 10);
insert into StoreOffersProduct(Store_id, Barcode, Alley, Shelf) values (3,'1010101010' , 6, 3);
insert into StoreOffersProduct(Store_id, Barcode, Alley, Shelf) values (3,'1010144512' , 6, 5);
insert into StoreOffersProduct(Store_id, Barcode, Alley, Shelf) values (3,'3333333212' , 6, 4);
insert into StoreOffersProduct(Store_id, Barcode, Alley, Shelf) values (3,'4242424242' , 6, 6);
insert into StoreOffersProduct(Store_id, Barcode, Alley, Shelf) values (3,'4587963201' , 6, 7);
insert into StoreOffersProduct(Store_id, Barcode, Alley, Shelf) values (3,'4785469600' , 6, 1);
insert into StoreOffersProduct(Store_id, Barcode, Alley, Shelf) values (3,'5555555555' , 6, 9);
insert into StoreOffersProduct(Store_id, Barcode, Alley, Shelf) values (3,'6666666666' , 6, 2);
insert into StoreProvidesCategory(Store_id, Category_id) values (4,1);
insert into StoreProvidesCategory(Store_id, Category_id) values (4,2);
insert into StoreProvidesCategory(Store_id, Category_id) values (4,3);
insert into StoreProvidesCategory(Store_id, Category_id) values (4,4);
insert into StoreProvidesCategory(Store_id, Category_id) values (4,5);
insert into StoreProvidesCategory(Store_id, Category_id) values (4,6);
insert into StoreOffersProduct(Store_id, Barcode, Alley, Shelf) values (4,'1119786455' , 1, 1);
insert into StoreOffersProduct(Store_id, Barcode, Alley, Shelf) values (4,'4385784111' , 1, 2);
insert into StoreOffersProduct(Store_id, Barcode, Alley, Shelf) values (4,'4444587133' , 1, 3);
insert into StoreOffersProduct(Store_id, Barcode, Alley, Shelf) values (4,'4689751247' , 1, 4);
insert into StoreOffersProduct(Store_id, Barcode, Alley, Shelf) values (4,'7784859691' , 1, 5);
insert into StoreOffersProduct(Store_id, Barcode, Alley, Shelf) values (4,'7784859699' , 1, 6);
insert into StoreOffersProduct(Store_id, Barcode, Alley, Shelf) values (4,'7946842152' , 1, 7);
insert into StoreOffersProduct(Store_id, Barcode, Alley, Shelf) values (4,'7986121145' , 1, 8);
insert into StoreOffersProduct(Store_id, Barcode, Alley, Shelf) values (4,'9457813465' , 1, 9);
insert into StoreOffersProduct(Store_id, Barcode, Alley, Shelf) values (4,'9458871645' , 1, 10);
insert into StoreOffersProduct(Store_id, Barcode, Alley, Shelf) values (4,'0182740844' , 2, 1);
insert into StoreOffersProduct(Store_id, Barcode, Alley, Shelf) values (4,'1000488743' , 2, 2);
insert into StoreOffersProduct(Store_id, Barcode, Alley, Shelf) values (4,'4475837200' , 2, 3);
insert into StoreOffersProduct(Store_id, Barcode, Alley, Shelf) values (4,'4876969691' , 2, 4);
insert into StoreOffersProduct(Store_id, Barcode, Alley, Shelf) values (4,'7784547843' , 2, 5);
insert into StoreOffersProduct(Store_id, Barcode, Alley, Shelf) values (4,'7848784753' , 2, 6);
insert into StoreOffersProduct(Store_id, Barcode, Alley, Shelf) values (4,'7988841112' , 2, 7);
insert into StoreOffersProduct(Store_id, Barcode, Alley, Shelf) values (4,'9273049372' , 2, 8);
insert into StoreOffersProduct(Store_id, Barcode, Alley, Shelf) values (4,'9647851112' , 2, 9);
insert into StoreOffersProduct(Store_id, Barcode, Alley, Shelf) values (4,'9986157468' , 2, 10);
insert into StoreOffersProduct(Store_id, Barcode, Alley, Shelf) values (4,'0645158001' , 3, 1);
insert into StoreOffersProduct(Store_id, Barcode, Alley, Shelf) values (4,'2223656581' , 3, 2);
insert into StoreOffersProduct(Store_id, Barcode, Alley, Shelf) values (4,'3659568874' , 3, 3);
insert into StoreOffersProduct(Store_id, Barcode, Alley, Shelf) values (4,'4325784111' , 3, 4);
insert into StoreOffersProduct(Store_id, Barcode, Alley, Shelf) values (4,'4460322153' , 3, 5);
insert into StoreOffersProduct(Store_id, Barcode, Alley, Shelf) values (4,'7774464231' , 3, 6);
insert into StoreOffersProduct(Store_id, Barcode, Alley, Shelf) values (4,'7774464646' , 3, 7);
insert into StoreOffersProduct(Store_id, Barcode, Alley, Shelf) values (4,'7774464647' , 3, 8);
insert into StoreOffersProduct(Store_id, Barcode, Alley, Shelf) values (4,'7774464648' , 3, 9);
insert into StoreOffersProduct(Store_id, Barcode, Alley, Shelf) values (4,'7874585330' , 3, 10);
insert into StoreOffersProduct(Store_id, Barcode, Alley, Shelf) values (4,'1212120003' , 4, 1);
insert into StoreOffersProduct(Store_id, Barcode, Alley, Shelf) values (4,'3666321005' , 4, 2);
insert into StoreOffersProduct(Store_id, Barcode, Alley, Shelf) values (4,'4415266990' , 4, 3);
insert into StoreOffersProduct(Store_id, Barcode, Alley, Shelf) values (4,'4444555512' , 4, 4);
insert into StoreOffersProduct(Store_id, Barcode, Alley, Shelf) values (4,'4447859992' , 4, 5);
insert into StoreOffersProduct(Store_id, Barcode, Alley, Shelf) values (4,'4965879533' , 4, 6);
insert into StoreOffersProduct(Store_id, Barcode, Alley, Shelf) values (4,'5100232520' , 4, 7);
insert into StoreOffersProduct(Store_id, Barcode, Alley, Shelf) values (4,'6489200132' , 4, 8);
insert into StoreOffersProduct(Store_id, Barcode, Alley, Shelf) values (4,'6666555551' , 4, 9);
insert into StoreOffersProduct(Store_id, Barcode, Alley, Shelf) values (4,'7784589630' , 4, 10);
insert into StoreOffersProduct(Store_id, Barcode, Alley, Shelf) values (4,'0012121036' , 5, 1);
insert into StoreOffersProduct(Store_id, Barcode, Alley, Shelf) values (4,'1033659896' , 5, 2);
insert into StoreOffersProduct(Store_id, Barcode, Alley, Shelf) values (4,'2103254875' , 5, 3);
insert into StoreOffersProduct(Store_id, Barcode, Alley, Shelf) values (4,'3330323201' , 5, 4);
insert into StoreOffersProduct(Store_id, Barcode, Alley, Shelf) values (4,'6458954112' , 5, 5);
insert into StoreOffersProduct(Store_id, Barcode, Alley, Shelf) values (4,'6495687410' , 5, 6);
insert into StoreOffersProduct(Store_id, Barcode, Alley, Shelf) values (4,'6584756985' , 5, 7);
insert into StoreOffersProduct(Store_id, Barcode, Alley, Shelf) values (4,'6941035879' , 5, 8);
insert into StoreOffersProduct(Store_id, Barcode, Alley, Shelf) values (4,'6951000236' , 5, 9);
insert into StoreOffersProduct(Store_id, Barcode, Alley, Shelf) values (4,'8342876655' , 5, 10);
insert into StoreOffersProduct(Store_id, Barcode, Alley, Shelf) values (4,'1000000002' , 6, 1);
insert into StoreOffersProduct(Store_id, Barcode, Alley, Shelf) values (4,'1000000230' , 6, 2);
insert into StoreOffersProduct(Store_id, Barcode, Alley, Shelf) values (4,'1010101010' , 6, 3);
insert into StoreOffersProduct(Store_id, Barcode, Alley, Shelf) values (4,'1010144512' , 6, 4);
insert into StoreOffersProduct(Store_id, Barcode, Alley, Shelf) values (4,'3333333212' , 6, 5);
insert into StoreOffersProduct(Store_id, Barcode, Alley, Shelf) values (4,'4242424242' , 6, 6);
insert into StoreOffersProduct(Store_id, Barcode, Alley, Shelf) values (4,'4587963201' , 6, 7);
insert into StoreOffersProduct(Store_id, Barcode, Alley, Shelf) values (4,'4785469600' , 6, 8);
insert into StoreOffersProduct(Store_id, Barcode, Alley, Shelf) values (4,'5555555555' , 6, 9);
insert into StoreOffersProduct(Store_id, Barcode, Alley, Shelf) values (4,'6666666666' , 6, 10);
insert into StoreProvidesCategory(Store_id, Category_id) values (5,1);
insert into StoreProvidesCategory(Store_id, Category_id) values (5,2);
insert into StoreProvidesCategory(Store_id, Category_id) values (5,3);
insert into StoreProvidesCategory(Store_id, Category_id) values (5,4);
insert into StoreProvidesCategory(Store_id, Category_id) values (5,5);
insert into StoreProvidesCategory(Store_id, Category_id) values (5,6);
insert into StoreOffersProduct(Store_id, Barcode, Alley, Shelf) values (5,'1119786455' , 1, 1);
insert into StoreOffersProduct(Store_id, Barcode, Alley, Shelf) values (5,'4385784111' , 1, 2);
insert into StoreOffersProduct(Store_id, Barcode, Alley, Shelf) values (5,'4444587133' , 1, 3);
insert into StoreOffersProduct(Store_id, Barcode, Alley, Shelf) values (5,'4689751247' , 1, 4);
insert into StoreOffersProduct(Store_id, Barcode, Alley, Shelf) values (5,'7784859691' , 1, 5);
insert into StoreOffersProduct(Store_id, Barcode, Alley, Shelf) values (5,'7784859699' , 1, 6);
insert into StoreOffersProduct(Store_id, Barcode, Alley, Shelf) values (5,'7946842152' , 1, 7);
insert into StoreOffersProduct(Store_id, Barcode, Alley, Shelf) values (5,'7986121145' , 1, 8);
insert into StoreOffersProduct(Store_id, Barcode, Alley, Shelf) values (5,'9457813465' , 1, 9);
insert into StoreOffersProduct(Store_id, Barcode, Alley, Shelf) values (5,'9458871645' , 1, 10);
insert into StoreOffersProduct(Store_id, Barcode, Alley, Shelf) values (5,'0182740844' , 2, 1);
insert into StoreOffersProduct(Store_id, Barcode, Alley, Shelf) values (5,'1000488743' , 2, 2);
insert into StoreOffersProduct(Store_id, Barcode, Alley, Shelf) values (5,'4475837200' , 2, 3);
insert into StoreOffersProduct(Store_id, Barcode, Alley, Shelf) values (5,'4876969691' , 2, 4);
insert into StoreOffersProduct(Store_id, Barcode, Alley, Shelf) values (5,'7784547843' , 2, 5);
insert into StoreOffersProduct(Store_id, Barcode, Alley, Shelf) values (5,'7848784753' , 2, 6);
insert into StoreOffersProduct(Store_id, Barcode, Alley, Shelf) values (5,'7988841112' , 2, 7);
insert into StoreOffersProduct(Store_id, Barcode, Alley, Shelf) values (5,'9273049372' , 2, 8);
insert into StoreOffersProduct(Store_id, Barcode, Alley, Shelf) values (5,'9647851112' , 2, 9);
insert into StoreOffersProduct(Store_id, Barcode, Alley, Shelf) values (5,'9986157468' , 2, 10);
insert into StoreOffersProduct(Store_id, Barcode, Alley, Shelf) values (5,'0645158001' , 3, 1);
insert into StoreOffersProduct(Store_id, Barcode, Alley, Shelf) values (5,'2223656581' , 3, 2);
insert into StoreOffersProduct(Store_id, Barcode, Alley, Shelf) values (5,'3659568874' , 3, 3);
insert into StoreOffersProduct(Store_id, Barcode, Alley, Shelf) values (5,'4325784111' , 3, 4);
insert into StoreOffersProduct(Store_id, Barcode, Alley, Shelf) values (5,'4460322153' , 3, 5);
insert into StoreOffersProduct(Store_id, Barcode, Alley, Shelf) values (5,'7774464231' , 3, 6);
insert into StoreOffersProduct(Store_id, Barcode, Alley, Shelf) values (5,'7774464646' , 3, 7);
insert into StoreOffersProduct(Store_id, Barcode, Alley, Shelf) values (5,'7774464647' , 3, 8);
insert into StoreOffersProduct(Store_id, Barcode, Alley, Shelf) values (5,'7774464648' , 3, 9);
insert into StoreOffersProduct(Store_id, Barcode, Alley, Shelf) values (5,'7874585330' , 3, 10);
insert into StoreOffersProduct(Store_id, Barcode, Alley, Shelf) values (5,'1212120003' , 4, 1);
insert into StoreOffersProduct(Store_id, Barcode, Alley, Shelf) values (5,'3666321005' , 4, 2);
insert into StoreOffersProduct(Store_id, Barcode, Alley, Shelf) values (5,'4415266990' , 4, 3);
insert into StoreOffersProduct(Store_id, Barcode, Alley, Shelf) values (5,'4444555512' , 4, 4);
insert into StoreOffersProduct(Store_id, Barcode, Alley, Shelf) values (5,'4447859992' , 4, 5);
insert into StoreOffersProduct(Store_id, Barcode, Alley, Shelf) values (5,'4965879533' , 4, 6);
insert into StoreOffersProduct(Store_id, Barcode, Alley, Shelf) values (5,'5100232520' , 4, 7);
insert into StoreOffersProduct(Store_id, Barcode, Alley, Shelf) values (5,'6489200132' , 4, 8);
insert into StoreOffersProduct(Store_id, Barcode, Alley, Shelf) values (5,'6666555551' , 4, 9);
insert into StoreOffersProduct(Store_id, Barcode, Alley, Shelf) values (5,'7784589630' , 4, 10);
insert into StoreOffersProduct(Store_id, Barcode, Alley, Shelf) values (5,'0012121036' , 5, 1);
insert into StoreOffersProduct(Store_id, Barcode, Alley, Shelf) values (5,'1033659896' , 5, 2);
insert into StoreOffersProduct(Store_id, Barcode, Alley, Shelf) values (5,'2103254875' , 5, 3);
insert into StoreOffersProduct(Store_id, Barcode, Alley, Shelf) values (5,'3330323201' , 5, 4);
insert into StoreOffersProduct(Store_id, Barcode, Alley, Shelf) values (5,'6458954112' , 5, 5);
insert into StoreOffersProduct(Store_id, Barcode, Alley, Shelf) values (5,'6495687410' , 5, 6);
insert into StoreOffersProduct(Store_id, Barcode, Alley, Shelf) values (5,'6584756985' , 5, 7);
insert into StoreOffersProduct(Store_id, Barcode, Alley, Shelf) values (5,'6941035879' , 5, 8);
insert into StoreOffersProduct(Store_id, Barcode, Alley, Shelf) values (5,'6951000236' , 5, 9);
insert into StoreOffersProduct(Store_id, Barcode, Alley, Shelf) values (5,'8342876655' , 5, 10);
insert into StoreOffersProduct(Store_id, Barcode, Alley, Shelf) values (5,'1000000002' , 6, 1);
insert into StoreOffersProduct(Store_id, Barcode, Alley, Shelf) values (5,'1000000230' , 6, 2);
insert into StoreOffersProduct(Store_id, Barcode, Alley, Shelf) values (5,'1010101010' , 6, 3);
insert into StoreOffersProduct(Store_id, Barcode, Alley, Shelf) values (5,'1010144512' , 6, 4);
insert into StoreOffersProduct(Store_id, Barcode, Alley, Shelf) values (5,'3333333212' , 6, 5);
insert into StoreOffersProduct(Store_id, Barcode, Alley, Shelf) values (5,'4242424242' , 6, 6);
insert into StoreOffersProduct(Store_id, Barcode, Alley, Shelf) values (5,'4587963201' , 6, 7);
insert into StoreOffersProduct(Store_id, Barcode, Alley, Shelf) values (5,'4785469600' , 6, 8);
insert into StoreOffersProduct(Store_id, Barcode, Alley, Shelf) values (5,'5555555555' , 6, 9);
insert into StoreOffersProduct(Store_id, Barcode, Alley, Shelf) values (5,'6666666666' , 6, 10);
insert into StoreProvidesCategory(Store_id, Category_id) values (6,1);
insert into StoreProvidesCategory(Store_id, Category_id) values (6,2);
insert into StoreProvidesCategory(Store_id, Category_id) values (6,3);
insert into StoreProvidesCategory(Store_id, Category_id) values (6,4);
insert into StoreProvidesCategory(Store_id, Category_id) values (6,5);
insert into StoreProvidesCategory(Store_id, Category_id) values (6,6);
insert into StoreOffersProduct(Store_id, Barcode, Alley, Shelf) values (6,'1119786455' , 1, 1);
insert into StoreOffersProduct(Store_id, Barcode, Alley, Shelf) values (6,'4385784111' , 1, 2);
insert into StoreOffersProduct(Store_id, Barcode, Alley, Shelf) values (6,'4444587133' , 1, 3);
insert into StoreOffersProduct(Store_id, Barcode, Alley, Shelf) values (6,'4689751247' , 1, 4);
insert into StoreOffersProduct(Store_id, Barcode, Alley, Shelf) values (6,'7784859691' , 1, 5);
insert into StoreOffersProduct(Store_id, Barcode, Alley, Shelf) values (6,'7784859699' , 1, 6);
insert into StoreOffersProduct(Store_id, Barcode, Alley, Shelf) values (6,'7946842152' , 1, 7);
insert into StoreOffersProduct(Store_id, Barcode, Alley, Shelf) values (6,'7986121145' , 1, 8);
insert into StoreOffersProduct(Store_id, Barcode, Alley, Shelf) values (6,'9457813465' , 1, 9);
insert into StoreOffersProduct(Store_id, Barcode, Alley, Shelf) values (6,'9458871645' , 1, 10);
insert into StoreOffersProduct(Store_id, Barcode, Alley, Shelf) values (6,'0182740844' , 2, 1);
insert into StoreOffersProduct(Store_id, Barcode, Alley, Shelf) values (6,'1000488743' , 2, 2);
insert into StoreOffersProduct(Store_id, Barcode, Alley, Shelf) values (6,'4475837200' , 2, 3);
insert into StoreOffersProduct(Store_id, Barcode, Alley, Shelf) values (6,'4876969691' , 2, 4);
insert into StoreOffersProduct(Store_id, Barcode, Alley, Shelf) values (6,'7784547843' , 2, 5);
insert into StoreOffersProduct(Store_id, Barcode, Alley, Shelf) values (6,'7848784753' , 2, 6);
insert into StoreOffersProduct(Store_id, Barcode, Alley, Shelf) values (6,'7988841112' , 2, 7);
insert into StoreOffersProduct(Store_id, Barcode, Alley, Shelf) values (6,'9273049372' , 2, 8);
insert into StoreOffersProduct(Store_id, Barcode, Alley, Shelf) values (6,'9647851112' , 2, 9);
insert into StoreOffersProduct(Store_id, Barcode, Alley, Shelf) values (6,'9986157468' , 2, 10);
insert into StoreOffersProduct(Store_id, Barcode, Alley, Shelf) values (6,'0645158001' , 3, 1);
insert into StoreOffersProduct(Store_id, Barcode, Alley, Shelf) values (6,'2223656581' , 3, 2);
insert into StoreOffersProduct(Store_id, Barcode, Alley, Shelf) values (6,'3659568874' , 3, 3);
insert into StoreOffersProduct(Store_id, Barcode, Alley, Shelf) values (6,'4325784111' , 3, 4);
insert into StoreOffersProduct(Store_id, Barcode, Alley, Shelf) values (6,'4460322153' , 3, 5);
insert into StoreOffersProduct(Store_id, Barcode, Alley, Shelf) values (6,'7774464231' , 3, 6);
insert into StoreOffersProduct(Store_id, Barcode, Alley, Shelf) values (6,'7774464646' , 3, 7);
insert into StoreOffersProduct(Store_id, Barcode, Alley, Shelf) values (6,'7774464647' , 3, 8);
insert into StoreOffersProduct(Store_id, Barcode, Alley, Shelf) values (6,'7774464648' , 3, 9);
insert into StoreOffersProduct(Store_id, Barcode, Alley, Shelf) values (6,'7874585330' , 3, 10);
insert into StoreOffersProduct(Store_id, Barcode, Alley, Shelf) values (6,'1212120003' , 4, 1);
insert into StoreOffersProduct(Store_id, Barcode, Alley, Shelf) values (6,'3666321005' , 4, 2);
insert into StoreOffersProduct(Store_id, Barcode, Alley, Shelf) values (6,'4415266990' , 4, 3);
insert into StoreOffersProduct(Store_id, Barcode, Alley, Shelf) values (6,'4444555512' , 4, 4);
insert into StoreOffersProduct(Store_id, Barcode, Alley, Shelf) values (6,'4447859992' , 4, 5);
insert into StoreOffersProduct(Store_id, Barcode, Alley, Shelf) values (6,'4965879533' , 4, 6);
insert into StoreOffersProduct(Store_id, Barcode, Alley, Shelf) values (6,'5100232520' , 4, 7);
insert into StoreOffersProduct(Store_id, Barcode, Alley, Shelf) values (6,'6489200132' , 4, 8);
insert into StoreOffersProduct(Store_id, Barcode, Alley, Shelf) values (6,'6666555551' , 4, 9);
insert into StoreOffersProduct(Store_id, Barcode, Alley, Shelf) values (6,'7784589630' , 4, 10);
insert into StoreOffersProduct(Store_id, Barcode, Alley, Shelf) values (6,'0012121036' , 5, 1);
insert into StoreOffersProduct(Store_id, Barcode, Alley, Shelf) values (6,'1033659896' , 5, 2);
insert into StoreOffersProduct(Store_id, Barcode, Alley, Shelf) values (6,'2103254875' , 5, 3);
insert into StoreOffersProduct(Store_id, Barcode, Alley, Shelf) values (6,'3330323201' , 5, 4);
insert into StoreOffersProduct(Store_id, Barcode, Alley, Shelf) values (6,'6458954112' , 5, 5);
insert into StoreOffersProduct(Store_id, Barcode, Alley, Shelf) values (6,'6495687410' , 5, 6);
insert into StoreOffersProduct(Store_id, Barcode, Alley, Shelf) values (6,'6584756985' , 5, 7);
insert into StoreOffersProduct(Store_id, Barcode, Alley, Shelf) values (6,'6941035879' , 5, 8);
insert into StoreOffersProduct(Store_id, Barcode, Alley, Shelf) values (6,'6951000236' , 5, 9);
insert into StoreOffersProduct(Store_id, Barcode, Alley, Shelf) values (6,'8342876655' , 5, 10);
insert into StoreOffersProduct(Store_id, Barcode, Alley, Shelf) values (6,'1000000002' , 6, 1);
insert into StoreOffersProduct(Store_id, Barcode, Alley, Shelf) values (6,'1000000230' , 6, 2);
insert into StoreOffersProduct(Store_id, Barcode, Alley, Shelf) values (6,'1010101010' , 6, 3);
insert into StoreOffersProduct(Store_id, Barcode, Alley, Shelf) values (6,'1010144512' , 6, 4);
insert into StoreOffersProduct(Store_id, Barcode, Alley, Shelf) values (6,'3333333212' , 6, 5);
insert into StoreOffersProduct(Store_id, Barcode, Alley, Shelf) values (6,'4242424242' , 6, 6);
insert into StoreOffersProduct(Store_id, Barcode, Alley, Shelf) values (6,'4587963201' , 6, 7);
insert into StoreOffersProduct(Store_id, Barcode, Alley, Shelf) values (6,'4785469600' , 6, 8);
insert into StoreOffersProduct(Store_id, Barcode, Alley, Shelf) values (6,'5555555555' , 6, 9);
insert into StoreOffersProduct(Store_id, Barcode, Alley, Shelf) values (6,'6666666666' , 6, 10);
insert into StoreProvidesCategory(Store_id, Category_id) values (7,1);
insert into StoreProvidesCategory(Store_id, Category_id) values (7,2);
insert into StoreProvidesCategory(Store_id, Category_id) values (7,3);
insert into StoreProvidesCategory(Store_id, Category_id) values (7,4);
insert into StoreProvidesCategory(Store_id, Category_id) values (7,5);
insert into StoreProvidesCategory(Store_id, Category_id) values (7,6);
insert into StoreOffersProduct(Store_id, Barcode, Alley, Shelf) values (7,'1119786455' , 1, 8);
insert into StoreOffersProduct(Store_id, Barcode, Alley, Shelf) values (7,'4385784111' , 1, 9);
insert into StoreOffersProduct(Store_id, Barcode, Alley, Shelf) values (7,'4444587133' , 1, 3);
insert into StoreOffersProduct(Store_id, Barcode, Alley, Shelf) values (7,'4689751247' , 1, 4);
insert into StoreOffersProduct(Store_id, Barcode, Alley, Shelf) values (7,'7784859691' , 1, 5);
insert into StoreOffersProduct(Store_id, Barcode, Alley, Shelf) values (7,'7784859699' , 1, 6);
insert into StoreOffersProduct(Store_id, Barcode, Alley, Shelf) values (7,'7946842152' , 1, 7);
insert into StoreOffersProduct(Store_id, Barcode, Alley, Shelf) values (7,'7986121145' , 1, 2);
insert into StoreOffersProduct(Store_id, Barcode, Alley, Shelf) values (7,'9457813465' , 1, 1);
insert into StoreOffersProduct(Store_id, Barcode, Alley, Shelf) values (7,'9458871645' , 1, 10);
insert into StoreOffersProduct(Store_id, Barcode, Alley, Shelf) values (7,'0182740844' , 2, 2);
insert into StoreOffersProduct(Store_id, Barcode, Alley, Shelf) values (7,'1000488743' , 2, 6);
insert into StoreOffersProduct(Store_id, Barcode, Alley, Shelf) values (7,'4475837200' , 2, 4);
insert into StoreOffersProduct(Store_id, Barcode, Alley, Shelf) values (7,'4876969691' , 2, 3);
insert into StoreOffersProduct(Store_id, Barcode, Alley, Shelf) values (7,'7784547843' , 2, 9);
insert into StoreOffersProduct(Store_id, Barcode, Alley, Shelf) values (7,'7848784753' , 2, 1);
insert into StoreOffersProduct(Store_id, Barcode, Alley, Shelf) values (7,'7988841112' , 2, 8);
insert into StoreOffersProduct(Store_id, Barcode, Alley, Shelf) values (7,'9273049372' , 2, 10);
insert into StoreOffersProduct(Store_id, Barcode, Alley, Shelf) values (7,'9647851112' , 2, 7);
insert into StoreOffersProduct(Store_id, Barcode, Alley, Shelf) values (7,'9986157468' , 2, 5);
insert into StoreOffersProduct(Store_id, Barcode, Alley, Shelf) values (7,'0645158001' , 3, 1);
insert into StoreOffersProduct(Store_id, Barcode, Alley, Shelf) values (7,'2223656581' , 3, 2);
insert into StoreOffersProduct(Store_id, Barcode, Alley, Shelf) values (7,'3659568874' , 3, 3);
insert into StoreOffersProduct(Store_id, Barcode, Alley, Shelf) values (7,'4325784111' , 3, 4);
insert into StoreOffersProduct(Store_id, Barcode, Alley, Shelf) values (7,'4460322153' , 3, 5);
insert into StoreOffersProduct(Store_id, Barcode, Alley, Shelf) values (7,'7774464231' , 3, 6);
insert into StoreOffersProduct(Store_id, Barcode, Alley, Shelf) values (7,'7774464646' , 3, 7);
insert into StoreOffersProduct(Store_id, Barcode, Alley, Shelf) values (7,'7774464647' , 3, 8);
insert into StoreOffersProduct(Store_id, Barcode, Alley, Shelf) values (7,'7774464648' , 3, 9);
insert into StoreOffersProduct(Store_id, Barcode, Alley, Shelf) values (7,'7874585330' , 3, 10);
insert into StoreOffersProduct(Store_id, Barcode, Alley, Shelf) values (7,'1212120003' , 4, 2);
insert into StoreOffersProduct(Store_id, Barcode, Alley, Shelf) values (7,'3666321005' , 4, 5);
insert into StoreOffersProduct(Store_id, Barcode, Alley, Shelf) values (7,'4415266990' , 4, 7);
insert into StoreOffersProduct(Store_id, Barcode, Alley, Shelf) values (7,'4444555512' , 4, 8);
insert into StoreOffersProduct(Store_id, Barcode, Alley, Shelf) values (7,'4447859992' , 4, 1);
insert into StoreOffersProduct(Store_id, Barcode, Alley, Shelf) values (7,'4965879533' , 4, 10);
insert into StoreOffersProduct(Store_id, Barcode, Alley, Shelf) values (7,'5100232520' , 4, 9);
insert into StoreOffersProduct(Store_id, Barcode, Alley, Shelf) values (7,'6489200132' , 4, 4);
insert into StoreOffersProduct(Store_id, Barcode, Alley, Shelf) values (7,'6666555551' , 4, 6);
insert into StoreOffersProduct(Store_id, Barcode, Alley, Shelf) values (7,'7784589630' , 4, 3);
insert into StoreOffersProduct(Store_id, Barcode, Alley, Shelf) values (7,'0012121036' , 5, 3);
insert into StoreOffersProduct(Store_id, Barcode, Alley, Shelf) values (7,'1033659896' , 5, 5);
insert into StoreOffersProduct(Store_id, Barcode, Alley, Shelf) values (7,'2103254875' , 5, 6);
insert into StoreOffersProduct(Store_id, Barcode, Alley, Shelf) values (7,'3330323201' , 5, 10);
insert into StoreOffersProduct(Store_id, Barcode, Alley, Shelf) values (7,'6458954112' , 5, 7);
insert into StoreOffersProduct(Store_id, Barcode, Alley, Shelf) values (7,'6495687410' , 5, 2);
insert into StoreOffersProduct(Store_id, Barcode, Alley, Shelf) values (7,'6584756985' , 5, 9);
insert into StoreOffersProduct(Store_id, Barcode, Alley, Shelf) values (7,'6941035879' , 5, 4);
insert into StoreOffersProduct(Store_id, Barcode, Alley, Shelf) values (7,'6951000236' , 5, 8);
insert into StoreOffersProduct(Store_id, Barcode, Alley, Shelf) values (7,'8342876655' , 5, 1);
insert into StoreOffersProduct(Store_id, Barcode, Alley, Shelf) values (7,'1000000002' , 6, 1);
insert into StoreOffersProduct(Store_id, Barcode, Alley, Shelf) values (7,'1000000230' , 6, 2);
insert into StoreOffersProduct(Store_id, Barcode, Alley, Shelf) values (7,'1010101010' , 6, 3);
insert into StoreOffersProduct(Store_id, Barcode, Alley, Shelf) values (7,'1010144512' , 6, 4);
insert into StoreOffersProduct(Store_id, Barcode, Alley, Shelf) values (7,'3333333212' , 6, 8);
insert into StoreOffersProduct(Store_id, Barcode, Alley, Shelf) values (7,'4242424242' , 6, 6);
insert into StoreOffersProduct(Store_id, Barcode, Alley, Shelf) values (7,'4587963201' , 6, 7);
insert into StoreOffersProduct(Store_id, Barcode, Alley, Shelf) values (7,'4785469600' , 6, 5);
insert into StoreOffersProduct(Store_id, Barcode, Alley, Shelf) values (7,'5555555555' , 6, 9);
insert into StoreOffersProduct(Store_id, Barcode, Alley, Shelf) values (7,'6666666666' , 6, 10);
insert into StoreProvidesCategory(Store_id, Category_id) values (8,1);
insert into StoreProvidesCategory(Store_id, Category_id) values (8,2);
insert into StoreProvidesCategory(Store_id, Category_id) values (8,3);
insert into StoreProvidesCategory(Store_id, Category_id) values (8,4);
insert into StoreProvidesCategory(Store_id, Category_id) values (8,5);
insert into StoreProvidesCategory(Store_id, Category_id) values (8,6);
insert into StoreOffersProduct(Store_id, Barcode, Alley, Shelf) values (8,'1119786455' , 1, 1);
insert into StoreOffersProduct(Store_id, Barcode, Alley, Shelf) values (8,'4385784111' , 1, 2);
insert into StoreOffersProduct(Store_id, Barcode, Alley, Shelf) values (8,'4444587133' , 1, 3);
insert into StoreOffersProduct(Store_id, Barcode, Alley, Shelf) values (8,'4689751247' , 1, 4);
insert into StoreOffersProduct(Store_id, Barcode, Alley, Shelf) values (8,'7784859691' , 1, 5);
insert into StoreOffersProduct(Store_id, Barcode, Alley, Shelf) values (8,'7784859699' , 1, 6);
insert into StoreOffersProduct(Store_id, Barcode, Alley, Shelf) values (8,'7946842152' , 1, 7);
insert into StoreOffersProduct(Store_id, Barcode, Alley, Shelf) values (8,'7986121145' , 1, 8);
insert into StoreOffersProduct(Store_id, Barcode, Alley, Shelf) values (8,'9457813465' , 1, 9);
insert into StoreOffersProduct(Store_id, Barcode, Alley, Shelf) values (8,'9458871645' , 1, 10);
insert into StoreOffersProduct(Store_id, Barcode, Alley, Shelf) values (8,'0182740844' , 2, 1);
insert into StoreOffersProduct(Store_id, Barcode, Alley, Shelf) values (8,'1000488743' , 2, 2);
insert into StoreOffersProduct(Store_id, Barcode, Alley, Shelf) values (8,'4475837200' , 2, 3);
insert into StoreOffersProduct(Store_id, Barcode, Alley, Shelf) values (8,'4876969691' , 2, 4);
insert into StoreOffersProduct(Store_id, Barcode, Alley, Shelf) values (8,'7784547843' , 2, 5);
insert into StoreOffersProduct(Store_id, Barcode, Alley, Shelf) values (8,'7848784753' , 2, 6);
insert into StoreOffersProduct(Store_id, Barcode, Alley, Shelf) values (8,'7988841112' , 2, 7);
insert into StoreOffersProduct(Store_id, Barcode, Alley, Shelf) values (8,'9273049372' , 2, 8);
insert into StoreOffersProduct(Store_id, Barcode, Alley, Shelf) values (8,'9647851112' , 2, 9);
insert into StoreOffersProduct(Store_id, Barcode, Alley, Shelf) values (8,'9986157468' , 2, 10);
insert into StoreOffersProduct(Store_id, Barcode, Alley, Shelf) values (8,'0645158001' , 3, 1);
insert into StoreOffersProduct(Store_id, Barcode, Alley, Shelf) values (8,'2223656581' , 3, 2);
insert into StoreOffersProduct(Store_id, Barcode, Alley, Shelf) values (8,'3659568874' , 3, 3);
insert into StoreOffersProduct(Store_id, Barcode, Alley, Shelf) values (8,'4325784111' , 3, 4);
insert into StoreOffersProduct(Store_id, Barcode, Alley, Shelf) values (8,'4460322153' , 3, 5);
insert into StoreOffersProduct(Store_id, Barcode, Alley, Shelf) values (8,'7774464231' , 3, 6);
insert into StoreOffersProduct(Store_id, Barcode, Alley, Shelf) values (8,'7774464646' , 3, 7);
insert into StoreOffersProduct(Store_id, Barcode, Alley, Shelf) values (8,'7774464647' , 3, 8);
insert into StoreOffersProduct(Store_id, Barcode, Alley, Shelf) values (8,'7774464648' , 3, 9);
insert into StoreOffersProduct(Store_id, Barcode, Alley, Shelf) values (8,'7874585330' , 3, 10);
insert into StoreOffersProduct(Store_id, Barcode, Alley, Shelf) values (8,'1212120003' , 4, 1);
insert into StoreOffersProduct(Store_id, Barcode, Alley, Shelf) values (8,'3666321005' , 4, 2);
insert into StoreOffersProduct(Store_id, Barcode, Alley, Shelf) values (8,'4415266990' , 4, 3);
insert into StoreOffersProduct(Store_id, Barcode, Alley, Shelf) values (8,'4444555512' , 4, 4);
insert into StoreOffersProduct(Store_id, Barcode, Alley, Shelf) values (8,'4447859992' , 4, 5);
insert into StoreOffersProduct(Store_id, Barcode, Alley, Shelf) values (8,'4965879533' , 4, 6);
insert into StoreOffersProduct(Store_id, Barcode, Alley, Shelf) values (8,'5100232520' , 4, 7);
insert into StoreOffersProduct(Store_id, Barcode, Alley, Shelf) values (8,'6489200132' , 4, 8);
insert into StoreOffersProduct(Store_id, Barcode, Alley, Shelf) values (8,'6666555551' , 4, 9);
insert into StoreOffersProduct(Store_id, Barcode, Alley, Shelf) values (8,'7784589630' , 4, 10);
insert into StoreOffersProduct(Store_id, Barcode, Alley, Shelf) values (8,'0012121036' , 5, 1);
insert into StoreOffersProduct(Store_id, Barcode, Alley, Shelf) values (8,'1033659896' , 5, 2);
insert into StoreOffersProduct(Store_id, Barcode, Alley, Shelf) values (8,'2103254875' , 5, 3);
insert into StoreOffersProduct(Store_id, Barcode, Alley, Shelf) values (8,'3330323201' , 5, 4);
insert into StoreOffersProduct(Store_id, Barcode, Alley, Shelf) values (8,'6458954112' , 5, 5);
insert into StoreOffersProduct(Store_id, Barcode, Alley, Shelf) values (8,'6495687410' , 5, 6);
insert into StoreOffersProduct(Store_id, Barcode, Alley, Shelf) values (8,'6584756985' , 5, 7);
insert into StoreOffersProduct(Store_id, Barcode, Alley, Shelf) values (8,'6941035879' , 5, 8);
insert into StoreOffersProduct(Store_id, Barcode, Alley, Shelf) values (8,'6951000236' , 5, 9);
insert into StoreOffersProduct(Store_id, Barcode, Alley, Shelf) values (8,'8342876655' , 5, 10);
insert into StoreOffersProduct(Store_id, Barcode, Alley, Shelf) values (8,'1000000002' , 6, 1);
insert into StoreOffersProduct(Store_id, Barcode, Alley, Shelf) values (8,'1000000230' , 6, 2);
insert into StoreOffersProduct(Store_id, Barcode, Alley, Shelf) values (8,'1010101010' , 6, 3);
insert into StoreOffersProduct(Store_id, Barcode, Alley, Shelf) values (8,'1010144512' , 6, 4);
insert into StoreOffersProduct(Store_id, Barcode, Alley, Shelf) values (8,'3333333212' , 6, 5);
insert into StoreOffersProduct(Store_id, Barcode, Alley, Shelf) values (8,'4242424242' , 6, 6);
insert into StoreOffersProduct(Store_id, Barcode, Alley, Shelf) values (8,'4587963201' , 6, 7);
insert into StoreOffersProduct(Store_id, Barcode, Alley, Shelf) values (8,'4785469600' , 6, 8);
insert into StoreOffersProduct(Store_id, Barcode, Alley, Shelf) values (8,'5555555555' , 6, 9);
insert into StoreOffersProduct(Store_id, Barcode, Alley, Shelf) values (8,'6666666666' , 6, 10);
insert into StoreProvidesCategory(Store_id, Category_id) values (9,1);
insert into StoreProvidesCategory(Store_id, Category_id) values (9,2);
insert into StoreProvidesCategory(Store_id, Category_id) values (9,3);
insert into StoreProvidesCategory(Store_id, Category_id) values (9,4);
insert into StoreProvidesCategory(Store_id, Category_id) values (9,5);
insert into StoreProvidesCategory(Store_id, Category_id) values (9,6);
insert into StoreOffersProduct(Store_id, Barcode, Alley, Shelf) values (9,'1119786455' , 1, 9);
insert into StoreOffersProduct(Store_id, Barcode, Alley, Shelf) values (9,'4385784111' , 1, 2);
insert into StoreOffersProduct(Store_id, Barcode, Alley, Shelf) values (9,'4444587133' , 1, 3);
insert into StoreOffersProduct(Store_id, Barcode, Alley, Shelf) values (9,'4689751247' , 1, 7);
insert into StoreOffersProduct(Store_id, Barcode, Alley, Shelf) values (9,'7784859691' , 1, 5);
insert into StoreOffersProduct(Store_id, Barcode, Alley, Shelf) values (9,'7784859699' , 1, 6);
insert into StoreOffersProduct(Store_id, Barcode, Alley, Shelf) values (9,'7946842152' , 1, 4);
insert into StoreOffersProduct(Store_id, Barcode, Alley, Shelf) values (9,'7986121145' , 1, 8);
insert into StoreOffersProduct(Store_id, Barcode, Alley, Shelf) values (9,'9457813465' , 1, 1);
insert into StoreOffersProduct(Store_id, Barcode, Alley, Shelf) values (9,'9458871645' , 1, 10);
insert into StoreOffersProduct(Store_id, Barcode, Alley, Shelf) values (9,'0182740844' , 2, 1);
insert into StoreOffersProduct(Store_id, Barcode, Alley, Shelf) values (9,'1000488743' , 2, 2);
insert into StoreOffersProduct(Store_id, Barcode, Alley, Shelf) values (9,'4475837200' , 2, 8);
insert into StoreOffersProduct(Store_id, Barcode, Alley, Shelf) values (9,'4876969691' , 2, 4);
insert into StoreOffersProduct(Store_id, Barcode, Alley, Shelf) values (9,'7784547843' , 2, 5);
insert into StoreOffersProduct(Store_id, Barcode, Alley, Shelf) values (9,'7848784753' , 2, 6);
insert into StoreOffersProduct(Store_id, Barcode, Alley, Shelf) values (9,'7988841112' , 2, 7);
insert into StoreOffersProduct(Store_id, Barcode, Alley, Shelf) values (9,'9273049372' , 2, 3);
insert into StoreOffersProduct(Store_id, Barcode, Alley, Shelf) values (9,'9647851112' , 2, 9);
insert into StoreOffersProduct(Store_id, Barcode, Alley, Shelf) values (9,'9986157468' , 2, 10);
insert into StoreOffersProduct(Store_id, Barcode, Alley, Shelf) values (9,'0645158001' , 3, 2);
insert into StoreOffersProduct(Store_id, Barcode, Alley, Shelf) values (9,'2223656581' , 3, 1);
insert into StoreOffersProduct(Store_id, Barcode, Alley, Shelf) values (9,'3659568874' , 3, 4);
insert into StoreOffersProduct(Store_id, Barcode, Alley, Shelf) values (9,'4325784111' , 3, 3);
insert into StoreOffersProduct(Store_id, Barcode, Alley, Shelf) values (9,'4460322153' , 3, 6);
insert into StoreOffersProduct(Store_id, Barcode, Alley, Shelf) values (9,'7774464231' , 3, 5);
insert into StoreOffersProduct(Store_id, Barcode, Alley, Shelf) values (9,'7774464646' , 3, 8);
insert into StoreOffersProduct(Store_id, Barcode, Alley, Shelf) values (9,'7774464647' , 3, 7);
insert into StoreOffersProduct(Store_id, Barcode, Alley, Shelf) values (9,'7774464648' , 3, 9);
insert into StoreOffersProduct(Store_id, Barcode, Alley, Shelf) values (9,'7874585330' , 3, 10);
insert into StoreOffersProduct(Store_id, Barcode, Alley, Shelf) values (9,'1212120003' , 4, 2);
insert into StoreOffersProduct(Store_id, Barcode, Alley, Shelf) values (9,'3666321005' , 4, 3);
insert into StoreOffersProduct(Store_id, Barcode, Alley, Shelf) values (9,'4415266990' , 4, 1);
insert into StoreOffersProduct(Store_id, Barcode, Alley, Shelf) values (9,'4444555512' , 4, 6);
insert into StoreOffersProduct(Store_id, Barcode, Alley, Shelf) values (9,'4447859992' , 4, 5);
insert into StoreOffersProduct(Store_id, Barcode, Alley, Shelf) values (9,'4965879533' , 4, 4);
insert into StoreOffersProduct(Store_id, Barcode, Alley, Shelf) values (9,'5100232520' , 4, 7);
insert into StoreOffersProduct(Store_id, Barcode, Alley, Shelf) values (9,'6489200132' , 4, 8);
insert into StoreOffersProduct(Store_id, Barcode, Alley, Shelf) values (9,'6666555551' , 4, 9);
insert into StoreOffersProduct(Store_id, Barcode, Alley, Shelf) values (9,'7784589630' , 4, 10);
insert into StoreOffersProduct(Store_id, Barcode, Alley, Shelf) values (9,'0012121036' , 5, 1);
insert into StoreOffersProduct(Store_id, Barcode, Alley, Shelf) values (9,'1033659896' , 5, 2);
insert into StoreOffersProduct(Store_id, Barcode, Alley, Shelf) values (9,'2103254875' , 5, 3);
insert into StoreOffersProduct(Store_id, Barcode, Alley, Shelf) values (9,'3330323201' , 5, 4);
insert into StoreOffersProduct(Store_id, Barcode, Alley, Shelf) values (9,'6458954112' , 5, 5);
insert into StoreOffersProduct(Store_id, Barcode, Alley, Shelf) values (9,'6495687410' , 5, 9);
insert into StoreOffersProduct(Store_id, Barcode, Alley, Shelf) values (9,'6584756985' , 5, 7);
insert into StoreOffersProduct(Store_id, Barcode, Alley, Shelf) values (9,'6941035879' , 5, 6);
insert into StoreOffersProduct(Store_id, Barcode, Alley, Shelf) values (9,'6951000236' , 5, 8);
insert into StoreOffersProduct(Store_id, Barcode, Alley, Shelf) values (9,'8342876655' , 5, 10);
insert into StoreOffersProduct(Store_id, Barcode, Alley, Shelf) values (9,'1000000002' , 6, 1);
insert into StoreOffersProduct(Store_id, Barcode, Alley, Shelf) values (9,'1000000230' , 6, 3);
insert into StoreOffersProduct(Store_id, Barcode, Alley, Shelf) values (9,'1010101010' , 6, 5);
insert into StoreOffersProduct(Store_id, Barcode, Alley, Shelf) values (9,'1010144512' , 6, 7);
insert into StoreOffersProduct(Store_id, Barcode, Alley, Shelf) values (9,'3333333212' , 6, 9);
insert into StoreOffersProduct(Store_id, Barcode, Alley, Shelf) values (9,'4242424242' , 6, 2);
insert into StoreOffersProduct(Store_id, Barcode, Alley, Shelf) values (9,'4587963201' , 6, 8);
insert into StoreOffersProduct(Store_id, Barcode, Alley, Shelf) values (9,'4785469600' , 6, 6);
insert into StoreOffersProduct(Store_id, Barcode, Alley, Shelf) values (9,'5555555555' , 6, 4);
insert into StoreOffersProduct(Store_id, Barcode, Alley, Shelf) values (9,'6666666666' , 6, 10);
insert into StoreProvidesCategory(Store_id, Category_id) values (10,1);
insert into StoreProvidesCategory(Store_id, Category_id) values (10,2);
insert into StoreProvidesCategory(Store_id, Category_id) values (10,3);
insert into StoreProvidesCategory(Store_id, Category_id) values (10,4);
insert into StoreProvidesCategory(Store_id, Category_id) values (10,5);
insert into StoreProvidesCategory(Store_id, Category_id) values (10,6);
insert into StoreOffersProduct(Store_id, Barcode, Alley, Shelf) values (10,'1119786455' , 1, 1);
insert into StoreOffersProduct(Store_id, Barcode, Alley, Shelf) values (10,'4385784111' , 1, 2);
insert into StoreOffersProduct(Store_id, Barcode, Alley, Shelf) values (10,'4444587133' , 1, 3);
insert into StoreOffersProduct(Store_id, Barcode, Alley, Shelf) values (10,'4689751247' , 1, 4);
insert into StoreOffersProduct(Store_id, Barcode, Alley, Shelf) values (10,'7784859691' , 1, 5);
insert into StoreOffersProduct(Store_id, Barcode, Alley, Shelf) values (10,'7784859699' , 1, 6);
insert into StoreOffersProduct(Store_id, Barcode, Alley, Shelf) values (10,'7946842152' , 1, 7);
insert into StoreOffersProduct(Store_id, Barcode, Alley, Shelf) values (10,'7986121145' , 1, 8);
insert into StoreOffersProduct(Store_id, Barcode, Alley, Shelf) values (10,'9457813465' , 1, 9);
insert into StoreOffersProduct(Store_id, Barcode, Alley, Shelf) values (10,'9458871645' , 1, 10);
insert into StoreOffersProduct(Store_id, Barcode, Alley, Shelf) values (10,'0182740844' , 2, 1);
insert into StoreOffersProduct(Store_id, Barcode, Alley, Shelf) values (10,'1000488743' , 2, 2);
insert into StoreOffersProduct(Store_id, Barcode, Alley, Shelf) values (10,'4475837200' , 2, 3);
insert into StoreOffersProduct(Store_id, Barcode, Alley, Shelf) values (10,'4876969691' , 2, 4);
insert into StoreOffersProduct(Store_id, Barcode, Alley, Shelf) values (10,'7784547843' , 2, 5);
insert into StoreOffersProduct(Store_id, Barcode, Alley, Shelf) values (10,'7848784753' , 2, 6);
insert into StoreOffersProduct(Store_id, Barcode, Alley, Shelf) values (10,'7988841112' , 2, 7);
insert into StoreOffersProduct(Store_id, Barcode, Alley, Shelf) values (10,'9273049372' , 2, 8);
insert into StoreOffersProduct(Store_id, Barcode, Alley, Shelf) values (10,'9647851112' , 2, 9);
insert into StoreOffersProduct(Store_id, Barcode, Alley, Shelf) values (10,'9986157468' , 2, 10);
insert into StoreOffersProduct(Store_id, Barcode, Alley, Shelf) values (10,'0645158001' , 3, 1);
insert into StoreOffersProduct(Store_id, Barcode, Alley, Shelf) values (10,'2223656581' , 3, 2);
insert into StoreOffersProduct(Store_id, Barcode, Alley, Shelf) values (10,'3659568874' , 3, 3);
insert into StoreOffersProduct(Store_id, Barcode, Alley, Shelf) values (10,'4325784111' , 3, 4);
insert into StoreOffersProduct(Store_id, Barcode, Alley, Shelf) values (10,'4460322153' , 3, 5);
insert into StoreOffersProduct(Store_id, Barcode, Alley, Shelf) values (10,'7774464231' , 3, 6);
insert into StoreOffersProduct(Store_id, Barcode, Alley, Shelf) values (10,'7774464646' , 3, 7);
insert into StoreOffersProduct(Store_id, Barcode, Alley, Shelf) values (10,'7774464647' , 3, 8);
insert into StoreOffersProduct(Store_id, Barcode, Alley, Shelf) values (10,'7774464648' , 3, 9);
insert into StoreOffersProduct(Store_id, Barcode, Alley, Shelf) values (10,'7874585330' , 3, 10);
insert into StoreOffersProduct(Store_id, Barcode, Alley, Shelf) values (10,'1212120003' , 4, 1);
insert into StoreOffersProduct(Store_id, Barcode, Alley, Shelf) values (10,'3666321005' , 4, 2);
insert into StoreOffersProduct(Store_id, Barcode, Alley, Shelf) values (10,'4415266990' , 4, 3);
insert into StoreOffersProduct(Store_id, Barcode, Alley, Shelf) values (10,'4444555512' , 4, 4);
insert into StoreOffersProduct(Store_id, Barcode, Alley, Shelf) values (10,'4447859992' , 4, 5);
insert into StoreOffersProduct(Store_id, Barcode, Alley, Shelf) values (10,'4965879533' , 4, 6);
insert into StoreOffersProduct(Store_id, Barcode, Alley, Shelf) values (10,'5100232520' , 4, 7);
insert into StoreOffersProduct(Store_id, Barcode, Alley, Shelf) values (10,'6489200132' , 4, 8);
insert into StoreOffersProduct(Store_id, Barcode, Alley, Shelf) values (10,'6666555551' , 4, 9);
insert into StoreOffersProduct(Store_id, Barcode, Alley, Shelf) values (10,'7784589630' , 4, 10);
insert into StoreOffersProduct(Store_id, Barcode, Alley, Shelf) values (10,'0012121036' , 5, 1);
insert into StoreOffersProduct(Store_id, Barcode, Alley, Shelf) values (10,'1033659896' , 5, 2);
insert into StoreOffersProduct(Store_id, Barcode, Alley, Shelf) values (10,'2103254875' , 5, 3);
insert into StoreOffersProduct(Store_id, Barcode, Alley, Shelf) values (10,'3330323201' , 5, 4);
insert into StoreOffersProduct(Store_id, Barcode, Alley, Shelf) values (10,'6458954112' , 5, 5);
insert into StoreOffersProduct(Store_id, Barcode, Alley, Shelf) values (10,'6495687410' , 5, 6);
insert into StoreOffersProduct(Store_id, Barcode, Alley, Shelf) values (10,'6584756985' , 5, 7);
insert into StoreOffersProduct(Store_id, Barcode, Alley, Shelf) values (10,'6941035879' , 5, 8);
insert into StoreOffersProduct(Store_id, Barcode, Alley, Shelf) values (10,'6951000236' , 5, 9);
insert into StoreOffersProduct(Store_id, Barcode, Alley, Shelf) values (10,'8342876655' , 5, 10);
insert into StoreOffersProduct(Store_id, Barcode, Alley, Shelf) values (10,'1000000002' , 6, 1);
insert into StoreOffersProduct(Store_id, Barcode, Alley, Shelf) values (10,'1000000230' , 6, 2);
insert into StoreOffersProduct(Store_id, Barcode, Alley, Shelf) values (10,'1010101010' , 6, 3);
insert into StoreOffersProduct(Store_id, Barcode, Alley, Shelf) values (10,'1010144512' , 6, 4);
insert into StoreOffersProduct(Store_id, Barcode, Alley, Shelf) values (10,'3333333212' , 6, 5);
insert into StoreOffersProduct(Store_id, Barcode, Alley, Shelf) values (10,'4242424242' , 6, 6);
insert into StoreOffersProduct(Store_id, Barcode, Alley, Shelf) values (10,'4587963201' , 6, 7);
insert into StoreOffersProduct(Store_id, Barcode, Alley, Shelf) values (10,'4785469600' , 6, 8);
insert into StoreOffersProduct(Store_id, Barcode, Alley, Shelf) values (10,'5555555555' , 6, 9);
insert into StoreOffersProduct(Store_id, Barcode, Alley, Shelf) values (10,'6666666666' , 6, 10);
insert into Customer(Card, Phone, Pet, Family_members, Points, Date_of_birth, Name) values (1,'2104547954','Dog',2,0,'1978-02-08','Giorgos Giorgopoulos');
insert into CustomerAddress(Card, Adr_id, Street, Number_, Postal_code, City) values (1,1,'Eksikiou','4','11845','Athens');
insert into Customer(Card, Phone, Pet, Family_members, Points, Date_of_birth, Name) values (2,'2104452103','',4,0,'1980-04-02','Giannia Giannakaki');
insert into CustomerAddress(Card, Adr_id, Street, Number_, Postal_code, City) values (2,2,'Antiopis','84','11364','Athens');
insert into Customer(Card, Phone, Pet, Family_members, Points, Date_of_birth, Name) values (3,'2231054788','Snake',1,0,'1994-01-01','Dimitris Dimitropoulos');
insert into CustomerAddress(Card, Adr_id, Street, Number_, Postal_code, City) values (3,3,'Athanasiou Diakou','156','35100','Lamia');
insert into Customer(Card, Phone, Pet, Family_members, Points, Date_of_birth, Name) values (4,'2231047478','Turtle',5,0,'1966-08-08','Akis Akakios');
insert into CustomerAddress(Card, Adr_id, Street, Number_, Postal_code, City) values (4,4,'Akakias','12','35100','Lamia');
insert into Customer(Card, Phone, Pet, Family_members, Points, Date_of_birth, Name) values (5,'2721000234','Cat',3,0,'1979-02-08','Aleksandra Aleksandridi');
insert into CustomerAddress(Card, Adr_id, Street, Number_, Postal_code, City) values (5,5,'28hs Oktombriou','421','24100','Kalamata');
insert into Customer(Card, Phone, Pet, Family_members, Points, Date_of_birth, Name) values (6,'2721099456','',7,0,'1950-09-04','Panos Panopoulos');
insert into CustomerAddress(Card, Adr_id, Street, Number_, Postal_code, City) values (6,6,'Skoufa','19','24100','Kalamata');
insert into Transaction(Trans_id, Date_time,Total_piecies, Total_amount, Payment_method, Card, Store_id) values (1001, '2020-01-02 13:34:21',0, 0, 'Credit Card', 1,2);
insert into TransactionContainsProduct(Trans_id, Barcode, Piecies) values(1001, '6941035879',1); 
insert into TransactionContainsProduct(Trans_id, Barcode, Piecies) values(1001, '7784859699',2); 
insert into TransactionContainsProduct(Trans_id, Barcode, Piecies) values(1001, '9986157468',4); 
insert into TransactionContainsProduct(Trans_id, Barcode, Piecies) values(1001, '6495687410',1); 
insert into Transaction(Trans_id, Date_time,Total_piecies, Total_amount, Payment_method, Card, Store_id) values (1011,'2020-01-14 15:00:01', 0,0 , 'Credit Card', 1,2);
insert into TransactionContainsProduct(Trans_id, Barcode, Piecies) values(1011,'0012121036',1); 
insert into TransactionContainsProduct(Trans_id, Barcode, Piecies) values(1011,'0182740844',1); 
insert into TransactionContainsProduct(Trans_id, Barcode, Piecies) values(1011,'0645158001',2); 
insert into TransactionContainsProduct(Trans_id, Barcode, Piecies) values(1011,'1000000002',4); 
insert into TransactionContainsProduct(Trans_id, Barcode, Piecies) values(1011,'1000000230',1); 
insert into TransactionContainsProduct(Trans_id, Barcode, Piecies) values(1011,'1000488743',2); 
insert into Transaction(Trans_id, Date_time,Total_piecies, Total_amount, Payment_method, Card, Store_id) values (1021, '2020-02-14 15:00:01',0,0, 'Cash', 1,3);
insert into TransactionContainsProduct(Trans_id, Barcode, Piecies) values(1021,'1010101010',2); 
insert into TransactionContainsProduct(Trans_id, Barcode, Piecies) values(1021,'1010144512',1); 
insert into TransactionContainsProduct(Trans_id, Barcode, Piecies) values(1021,'1119786455',1); 
insert into TransactionContainsProduct(Trans_id, Barcode, Piecies) values(1021,'1212120003',2); 
insert into Transaction(Trans_id, Date_time,Total_piecies, Total_amount, Payment_method, Card, Store_id) values (1031,'2020-03-04 10:00:24',0,0, 'Credit Card', 2,3);
insert into TransactionContainsProduct(Trans_id, Barcode, Piecies) values(1031,'6495687410',1); 
insert into TransactionContainsProduct(Trans_id, Barcode, Piecies) values(1031,'6584756985',1);  
insert into TransactionContainsProduct(Trans_id, Barcode, Piecies) values(1031,'7774464647',2); 
insert into TransactionContainsProduct(Trans_id, Barcode, Piecies) values(1031,'8342876655',5); 
insert into TransactionContainsProduct(Trans_id, Barcode, Piecies) values(1031,'4876969691',1); 
insert into TransactionContainsProduct(Trans_id, Barcode, Piecies) values(1031,'4965879533',1); 
insert into TransactionContainsProduct(Trans_id, Barcode, Piecies) values(1031,'4689751247',1);
insert into TransactionContainsProduct(Trans_id, Barcode, Piecies) values(1031,'6458954112',1);
insert into Transaction(Trans_id, Date_time,Total_piecies, Total_amount, Payment_method, Card, Store_id) values (1041, '2020-04-25 17:00:00',0, 0, 'Cash', 2,4);
insert into TransactionContainsProduct(Trans_id, Barcode, Piecies) values(1041,'9986157468',1); 
insert into TransactionContainsProduct(Trans_id, Barcode, Piecies) values(1041,'9647851112',1); 
insert into TransactionContainsProduct(Trans_id, Barcode, Piecies) values(1041,'3659568874',1); 
insert into TransactionContainsProduct(Trans_id, Barcode, Piecies) values(1041,'7784859699',1); 
insert into TransactionContainsProduct(Trans_id, Barcode, Piecies) values(1041,'6666666666',1); 
insert into TransactionContainsProduct(Trans_id, Barcode, Piecies) values(1041,'3333333212',1); 
insert into TransactionContainsProduct(Trans_id, Barcode, Piecies) values(1041,'7946842152',1); 
insert into Transaction(Trans_id, Date_time,Total_piecies, Total_amount, Payment_method, Card, Store_id) values (1051, '2020-04-26 17:00:00', 0, 0, 'Cash', 2,3);
insert into TransactionContainsProduct(Trans_id, Barcode, Piecies) values(1051,'7774464231',1);
insert into TransactionContainsProduct(Trans_id, Barcode, Piecies) values(1051,'7774464647',1);
insert into TransactionContainsProduct(Trans_id, Barcode, Piecies) values(1051,'7784547843',12);
insert into Transaction(Trans_id,Date_time,Total_piecies, Total_amount, Payment_method, Card, Store_id) values (1061, '2020-01-01 19:04:23', 0, 0, 'Credit Card', 3,8);
insert into TransactionContainsProduct(Trans_id, Barcode, Piecies) values(1061,'3330323201',1);
insert into Transaction(Trans_id, Date_time,Total_piecies, Total_amount, Payment_method, Card, Store_id) values (1071, '2020-02-01 21:00:00', 0, 0, 'Cash', 3,9);
insert into TransactionContainsProduct(Trans_id, Barcode, Piecies) values(1071,'6941035879',1);
insert into Transaction(Trans_id, Date_time,Total_piecies, Total_amount, Payment_method, Card, Store_id) values (1081,'2020-04-02 20:00:00', 0, 0, 'Cash', 3,10);
insert into TransactionContainsProduct(Trans_id, Barcode, Piecies) values(1081,'1010144512',1); 
insert into TransactionContainsProduct(Trans_id, Barcode, Piecies) values(1081,'1033659896',1); 
insert into TransactionContainsProduct(Trans_id, Barcode, Piecies) values(1081,'6458954112',1); 
insert into Transaction(Trans_id, Date_time,Total_piecies, Total_amount, Payment_method, Card, Store_id) values (1091,'2020-04-04 11:00:21',0, 0 , 'Credit Card', 4,8);
insert into TransactionContainsProduct(Trans_id, Barcode, Piecies) values(1091,'6495687410',1); 
insert into TransactionContainsProduct(Trans_id, Barcode, Piecies) values(1091,'6584756985',1);  
insert into TransactionContainsProduct(Trans_id, Barcode, Piecies) values(1091,'7774464647',2); 
insert into TransactionContainsProduct(Trans_id, Barcode, Piecies) values(1091,'8342876655',5); 
insert into TransactionContainsProduct(Trans_id, Barcode, Piecies) values(1091,'4876969691',1); 
insert into TransactionContainsProduct(Trans_id, Barcode, Piecies) values(1091,'4965879533',1); 
insert into TransactionContainsProduct(Trans_id, Barcode, Piecies) values(1091,'4689751247',1);
insert into TransactionContainsProduct(Trans_id, Barcode, Piecies) values(1091,'6458954112',1);
insert into Transaction(Trans_id, Date_time,Total_piecies, Total_amount, Payment_method, Card, Store_id) values (1101,'2020-01-25 18:00:00',0, 0, 'Credit Card', 4,9);
insert into TransactionContainsProduct(Trans_id, Barcode, Piecies) values(1101,'9986157468',1); 
insert into TransactionContainsProduct(Trans_id, Barcode, Piecies) values(1101,'9647851112',1); 
insert into TransactionContainsProduct(Trans_id, Barcode, Piecies) values(1101,'3659568874',1); 
insert into TransactionContainsProduct(Trans_id, Barcode, Piecies) values(1101,'7784859699',1); 
insert into TransactionContainsProduct(Trans_id, Barcode, Piecies) values(1101,'6666666666',1); 
insert into TransactionContainsProduct(Trans_id, Barcode, Piecies) values(1101,'3333333212',1); 
insert into TransactionContainsProduct(Trans_id, Barcode, Piecies) values(1101,'7946842152',1); 
insert into Transaction(Trans_id, Date_time,Total_piecies, Total_amount, Payment_method, Card, Store_id) values (1111,'2020-01-26 17:00:00', 0, 0, 'Cash', 4,10);
insert into TransactionContainsProduct(Trans_id, Barcode, Piecies) values(1111,'7774464231',1);
insert into TransactionContainsProduct(Trans_id, Barcode, Piecies) values(1111,'7774464647',1);
insert into TransactionContainsProduct(Trans_id, Barcode, Piecies) values(1111,'7784547843',12);
insert into Transaction(Trans_id, Date_time,Total_piecies, Total_amount, Payment_method, Card, Store_id) values (1121,'2020-03-11 14:22:10', 0, 0, 'Cash', 5,5);
insert into TransactionContainsProduct(Trans_id, Barcode, Piecies) values(1121,'4385784111',1); 
insert into TransactionContainsProduct(Trans_id, Barcode, Piecies) values(1121,'4475837200',1); 
insert into TransactionContainsProduct(Trans_id, Barcode, Piecies) values(1121,'5555555555',1); 
insert into TransactionContainsProduct(Trans_id, Barcode, Piecies) values(1121,'7774464646',1); 
insert into TransactionContainsProduct(Trans_id, Barcode, Piecies) values(1121,'7986121145',1); 
insert into TransactionContainsProduct(Trans_id, Barcode, Piecies) values(1121,'7988841112',1); 
insert into TransactionContainsProduct(Trans_id, Barcode, Piecies) values(1121,'9458871645',1); 
insert into TransactionContainsProduct(Trans_id, Barcode, Piecies) values(1121,'0182740844',1); 
insert into TransactionContainsProduct(Trans_id, Barcode, Piecies) values(1121,'3659568874',1); 
insert into TransactionContainsProduct(Trans_id, Barcode, Piecies) values(1121,'3666321005',1); 
insert into Transaction(Trans_id, Date_time,Total_piecies, Total_amount, Payment_method, Card, Store_id) values (1131, '2020-04-21 16:22:40', 0, 0 , 'Credit Card', 6,6);
insert into TransactionContainsProduct(Trans_id, Barcode, Piecies) values(1131,'5555555555',1); 
insert into TransactionContainsProduct(Trans_id, Barcode, Piecies) values(1131,'1000000230',1); 
insert into TransactionContainsProduct(Trans_id, Barcode, Piecies) values(1131,'2103254875',1); 
insert into TransactionContainsProduct(Trans_id, Barcode, Piecies) values(1131,'4689751247',1); 
insert into TransactionContainsProduct(Trans_id, Barcode, Piecies) values(1131,'5100232520',1); 
insert into TransactionContainsProduct(Trans_id, Barcode, Piecies) values(1131,'7774464231',1); 
insert into TransactionContainsProduct(Trans_id, Barcode, Piecies) values(1131,'6489200132',1); 
insert into TransactionContainsProduct(Trans_id, Barcode, Piecies) values(1131,'7784547843',1); 
insert into TransactionContainsProduct(Trans_id, Barcode, Piecies) values(1131,'9647851112',1); 
insert into TransactionContainsProduct(Trans_id, Barcode, Piecies) values(1131,'0012121036',1); 
insert into TransactionContainsProduct(Trans_id, Barcode, Piecies) values(1131,'4447859992',1); 
insert into TransactionContainsProduct(Trans_id, Barcode, Piecies) values(1131,'6666555551',1); 
insert into TransactionContainsProduct(Trans_id, Barcode, Piecies) values(1131,'6666666666',1); 
insert into TransactionContainsProduct(Trans_id, Barcode, Piecies) values(1131,'9986157468',1); 
insert into Transaction(Trans_id, Date_time,Total_piecies, Total_amount, Payment_method, Card, Store_id) values (1, '2020-01-12 20:08:51',0, 0, 'Credit Card', 1,1);
insert into TransactionContainsProduct(Trans_id, Barcode, Piecies) values(1, (select Barcode from Products order by rand() limit 1),1);
insert into TransactionContainsProduct(Trans_id, Barcode, Piecies) values(1, (select Barcode from Products order by rand() limit 1),1);
insert into TransactionContainsProduct(Trans_id, Barcode, Piecies) values(1, (select Barcode from Products order by rand() limit 1),1);
insert into TransactionContainsProduct(Trans_id, Barcode, Piecies) values(1, (select Barcode from Products order by rand() limit 1),1);
insert into TransactionContainsProduct(Trans_id, Barcode, Piecies) values(1, (select Barcode from Products order by rand() limit 1),1);
insert into Transaction(Trans_id, Date_time,Total_piecies, Total_amount, Payment_method, Card, Store_id) values (2, '2020-01-08 20:03:20',0, 0, 'Cash', 1,2);
insert into TransactionContainsProduct(Trans_id, Barcode, Piecies) values(2, (select Barcode from Products order by rand() limit 1),1);
insert into TransactionContainsProduct(Trans_id, Barcode, Piecies) values(2, (select Barcode from Products order by rand() limit 1),1);
insert into TransactionContainsProduct(Trans_id, Barcode, Piecies) values(2, (select Barcode from Products order by rand() limit 1),2);
insert into TransactionContainsProduct(Trans_id, Barcode, Piecies) values(2, (select Barcode from Products order by rand() limit 1),1);
insert into TransactionContainsProduct(Trans_id, Barcode, Piecies) values(2, (select Barcode from Products order by rand() limit 1),1);
insert into Transaction(Trans_id, Date_time,Total_piecies, Total_amount, Payment_method, Card, Store_id) values (3, '2020-01-24 15:22:41',0, 0, 'Credit Card', 1,3);
insert into TransactionContainsProduct(Trans_id, Barcode, Piecies) values(3, (select Barcode from Products order by rand() limit 1),2);
insert into TransactionContainsProduct(Trans_id, Barcode, Piecies) values(3, (select Barcode from Products order by rand() limit 1),4);
insert into TransactionContainsProduct(Trans_id, Barcode, Piecies) values(3, (select Barcode from Products order by rand() limit 1),1);
insert into TransactionContainsProduct(Trans_id, Barcode, Piecies) values(3, (select Barcode from Products order by rand() limit 1),1);
insert into TransactionContainsProduct(Trans_id, Barcode, Piecies) values(3, (select Barcode from Products order by rand() limit 1),2);
insert into Transaction(Trans_id, Date_time,Total_piecies, Total_amount, Payment_method, Card, Store_id) values (4, '2020-01-05 19:43:27',0, 0, 'Credit Card', 1,4);
insert into TransactionContainsProduct(Trans_id, Barcode, Piecies) values(4, (select Barcode from Products order by rand() limit 1),1);
insert into TransactionContainsProduct(Trans_id, Barcode, Piecies) values(4, (select Barcode from Products order by rand() limit 1),2);
insert into TransactionContainsProduct(Trans_id, Barcode, Piecies) values(4, (select Barcode from Products order by rand() limit 1),1);
insert into TransactionContainsProduct(Trans_id, Barcode, Piecies) values(4, (select Barcode from Products order by rand() limit 1),4);
insert into TransactionContainsProduct(Trans_id, Barcode, Piecies) values(4, (select Barcode from Products order by rand() limit 1),1);
insert into Transaction(Trans_id, Date_time,Total_piecies, Total_amount, Payment_method, Card, Store_id) values (5, '2020-01-12 19:29:14',0, 0, 'Cash', 1,4);
insert into TransactionContainsProduct(Trans_id, Barcode, Piecies) values(5, (select Barcode from Products order by rand() limit 1),1);
insert into TransactionContainsProduct(Trans_id, Barcode, Piecies) values(5, (select Barcode from Products order by rand() limit 1),2);
insert into TransactionContainsProduct(Trans_id, Barcode, Piecies) values(5, (select Barcode from Products order by rand() limit 1),1);
insert into TransactionContainsProduct(Trans_id, Barcode, Piecies) values(5, (select Barcode from Products order by rand() limit 1),1);
insert into TransactionContainsProduct(Trans_id, Barcode, Piecies) values(5, (select Barcode from Products order by rand() limit 1),1);
insert into Transaction(Trans_id, Date_time,Total_piecies, Total_amount, Payment_method, Card, Store_id) values (6, '2020-01-15 17:15:48',0, 0, 'Credit Card', 1,3);
insert into TransactionContainsProduct(Trans_id, Barcode, Piecies) values(6, (select Barcode from Products order by rand() limit 1),1);
insert into TransactionContainsProduct(Trans_id, Barcode, Piecies) values(6, (select Barcode from Products order by rand() limit 1),1);
insert into TransactionContainsProduct(Trans_id, Barcode, Piecies) values(6, (select Barcode from Products order by rand() limit 1),1);
insert into TransactionContainsProduct(Trans_id, Barcode, Piecies) values(6, (select Barcode from Products order by rand() limit 1),1);
insert into TransactionContainsProduct(Trans_id, Barcode, Piecies) values(6, (select Barcode from Products order by rand() limit 1),1);
insert into Transaction(Trans_id, Date_time,Total_piecies, Total_amount, Payment_method, Card, Store_id) values (7, '2020-01-12 15:53:08',0, 0, 'Credit Card', 1,2);
insert into TransactionContainsProduct(Trans_id, Barcode, Piecies) values(7, (select Barcode from Products order by rand() limit 1),1);
insert into TransactionContainsProduct(Trans_id, Barcode, Piecies) values(7, (select Barcode from Products order by rand() limit 1),2);
insert into TransactionContainsProduct(Trans_id, Barcode, Piecies) values(7, (select Barcode from Products order by rand() limit 1),1);
insert into TransactionContainsProduct(Trans_id, Barcode, Piecies) values(7, (select Barcode from Products order by rand() limit 1),2);
insert into TransactionContainsProduct(Trans_id, Barcode, Piecies) values(7, (select Barcode from Products order by rand() limit 1),2);
insert into Transaction(Trans_id, Date_time,Total_piecies, Total_amount, Payment_method, Card, Store_id) values (8, '2020-01-09 11:54:09',0, 0, 'Cash', 1,2);
insert into TransactionContainsProduct(Trans_id, Barcode, Piecies) values(8, (select Barcode from Products order by rand() limit 1),3);
insert into TransactionContainsProduct(Trans_id, Barcode, Piecies) values(8, (select Barcode from Products order by rand() limit 1),3);
insert into TransactionContainsProduct(Trans_id, Barcode, Piecies) values(8, (select Barcode from Products order by rand() limit 1),3);
insert into TransactionContainsProduct(Trans_id, Barcode, Piecies) values(8, (select Barcode from Products order by rand() limit 1),2);
insert into TransactionContainsProduct(Trans_id, Barcode, Piecies) values(8, (select Barcode from Products order by rand() limit 1),1);
insert into Transaction(Trans_id, Date_time,Total_piecies, Total_amount, Payment_method, Card, Store_id) values (9, '2020-01-30 17:02:46',0, 0, 'Credit Card', 1,1);
insert into TransactionContainsProduct(Trans_id, Barcode, Piecies) values(9, (select Barcode from Products order by rand() limit 1),1);
insert into TransactionContainsProduct(Trans_id, Barcode, Piecies) values(9, (select Barcode from Products order by rand() limit 1),2);
insert into TransactionContainsProduct(Trans_id, Barcode, Piecies) values(9, (select Barcode from Products order by rand() limit 1),1);
insert into TransactionContainsProduct(Trans_id, Barcode, Piecies) values(9, (select Barcode from Products order by rand() limit 1),1);
insert into TransactionContainsProduct(Trans_id, Barcode, Piecies) values(9, (select Barcode from Products order by rand() limit 1),2);
insert into Transaction(Trans_id, Date_time,Total_piecies, Total_amount, Payment_method, Card, Store_id) values (10, '2020-01-23 09:21:49',0, 0, 'Cash', 1,2);
insert into TransactionContainsProduct(Trans_id, Barcode, Piecies) values(10, (select Barcode from Products order by rand() limit 1),1);
insert into TransactionContainsProduct(Trans_id, Barcode, Piecies) values(10, (select Barcode from Products order by rand() limit 1),2);
insert into TransactionContainsProduct(Trans_id, Barcode, Piecies) values(10, (select Barcode from Products order by rand() limit 1),1);
insert into TransactionContainsProduct(Trans_id, Barcode, Piecies) values(10, (select Barcode from Products order by rand() limit 1),1);
insert into TransactionContainsProduct(Trans_id, Barcode, Piecies) values(10, (select Barcode from Products order by rand() limit 1),2);
insert into Transaction(Trans_id, Date_time,Total_piecies, Total_amount, Payment_method, Card, Store_id) values (11, '2020-02-01 15:47:57',0, 0, 'Credit Card', 1,1);
insert into TransactionContainsProduct(Trans_id, Barcode, Piecies) values(11, (select Barcode from Products order by rand() limit 1),2);
insert into TransactionContainsProduct(Trans_id, Barcode, Piecies) values(11, (select Barcode from Products order by rand() limit 1),2);
insert into TransactionContainsProduct(Trans_id, Barcode, Piecies) values(11, (select Barcode from Products order by rand() limit 1),1);
insert into TransactionContainsProduct(Trans_id, Barcode, Piecies) values(11, (select Barcode from Products order by rand() limit 1),1);
insert into TransactionContainsProduct(Trans_id, Barcode, Piecies) values(11, (select Barcode from Products order by rand() limit 1),1);
insert into Transaction(Trans_id, Date_time,Total_piecies, Total_amount, Payment_method, Card, Store_id) values (12, '2020-02-08 15:47:57',0, 0, 'Credit Card', 1,3);
insert into TransactionContainsProduct(Trans_id, Barcode, Piecies) values(12, (select Barcode from Products order by rand() limit 1),1);
insert into TransactionContainsProduct(Trans_id, Barcode, Piecies) values(12, (select Barcode from Products order by rand() limit 1),1);
insert into TransactionContainsProduct(Trans_id, Barcode, Piecies) values(12, (select Barcode from Products order by rand() limit 1),1);
insert into TransactionContainsProduct(Trans_id, Barcode, Piecies) values(12, (select Barcode from Products order by rand() limit 1),1);
insert into TransactionContainsProduct(Trans_id, Barcode, Piecies) values(12, (select Barcode from Products order by rand() limit 1),1);
insert into Transaction(Trans_id, Date_time,Total_piecies, Total_amount, Payment_method, Card, Store_id) values (13, '2020-02-09 14:15:31',0, 0, 'Cash', 1,4);
insert into TransactionContainsProduct(Trans_id, Barcode, Piecies) values(13, (select Barcode from Products order by rand() limit 1),1);
insert into TransactionContainsProduct(Trans_id, Barcode, Piecies) values(13, (select Barcode from Products order by rand() limit 1),1);
insert into TransactionContainsProduct(Trans_id, Barcode, Piecies) values(13, (select Barcode from Products order by rand() limit 1),1);
insert into TransactionContainsProduct(Trans_id, Barcode, Piecies) values(13, (select Barcode from Products order by rand() limit 1),2);
insert into TransactionContainsProduct(Trans_id, Barcode, Piecies) values(13, (select Barcode from Products order by rand() limit 1),1);
insert into Transaction(Trans_id, Date_time,Total_piecies, Total_amount, Payment_method, Card, Store_id) values (14, '2020-02-02 10:17:56',0, 0, 'Cash', 1,1);
insert into TransactionContainsProduct(Trans_id, Barcode, Piecies) values(14, (select Barcode from Products order by rand() limit 1),1);
insert into TransactionContainsProduct(Trans_id, Barcode, Piecies) values(14, (select Barcode from Products order by rand() limit 1),1);
insert into TransactionContainsProduct(Trans_id, Barcode, Piecies) values(14, (select Barcode from Products order by rand() limit 1),1);
insert into TransactionContainsProduct(Trans_id, Barcode, Piecies) values(14, (select Barcode from Products order by rand() limit 1),1);
insert into TransactionContainsProduct(Trans_id, Barcode, Piecies) values(14, (select Barcode from Products order by rand() limit 1),1);
insert into Transaction(Trans_id, Date_time,Total_piecies, Total_amount, Payment_method, Card, Store_id) values (15, '2020-02-26 13:20:10',0, 0, 'Cash', 1,2);
insert into TransactionContainsProduct(Trans_id, Barcode, Piecies) values(15, (select Barcode from Products order by rand() limit 1),1);
insert into TransactionContainsProduct(Trans_id, Barcode, Piecies) values(15, (select Barcode from Products order by rand() limit 1),1);
insert into TransactionContainsProduct(Trans_id, Barcode, Piecies) values(15, (select Barcode from Products order by rand() limit 1),1);
insert into TransactionContainsProduct(Trans_id, Barcode, Piecies) values(15, (select Barcode from Products order by rand() limit 1),2);
insert into TransactionContainsProduct(Trans_id, Barcode, Piecies) values(15, (select Barcode from Products order by rand() limit 1),1);
insert into Transaction(Trans_id, Date_time,Total_piecies, Total_amount, Payment_method, Card, Store_id) values (16, '2020-02-21 18:54:37',0, 0, 'Cash', 1,3);
insert into TransactionContainsProduct(Trans_id, Barcode, Piecies) values(16, (select Barcode from Products order by rand() limit 1),1);
insert into TransactionContainsProduct(Trans_id, Barcode, Piecies) values(16, (select Barcode from Products order by rand() limit 1),1);
insert into TransactionContainsProduct(Trans_id, Barcode, Piecies) values(16, (select Barcode from Products order by rand() limit 1),2);
insert into TransactionContainsProduct(Trans_id, Barcode, Piecies) values(16, (select Barcode from Products order by rand() limit 1),1);
insert into TransactionContainsProduct(Trans_id, Barcode, Piecies) values(16, (select Barcode from Products order by rand() limit 1),1);
insert into Transaction(Trans_id, Date_time,Total_piecies, Total_amount, Payment_method, Card, Store_id) values (17, '2020-02-19 11:57:03',0, 0, 'Credit Card', 1,1);
insert into TransactionContainsProduct(Trans_id, Barcode, Piecies) values(17, (select Barcode from Products order by rand() limit 1),1);
insert into TransactionContainsProduct(Trans_id, Barcode, Piecies) values(17, (select Barcode from Products order by rand() limit 1),1);
insert into TransactionContainsProduct(Trans_id, Barcode, Piecies) values(17, (select Barcode from Products order by rand() limit 1),1);
insert into TransactionContainsProduct(Trans_id, Barcode, Piecies) values(17, (select Barcode from Products order by rand() limit 1),4);
insert into TransactionContainsProduct(Trans_id, Barcode, Piecies) values(17, (select Barcode from Products order by rand() limit 1),1);
insert into Transaction(Trans_id, Date_time,Total_piecies, Total_amount, Payment_method, Card, Store_id) values (18, '2020-02-20 19:56:37',0, 0, 'Credit Card', 1,2);
insert into TransactionContainsProduct(Trans_id, Barcode, Piecies) values(18, (select Barcode from Products order by rand() limit 1),1);
insert into TransactionContainsProduct(Trans_id, Barcode, Piecies) values(18, (select Barcode from Products order by rand() limit 1),1);
insert into TransactionContainsProduct(Trans_id, Barcode, Piecies) values(18, (select Barcode from Products order by rand() limit 1),1);
insert into TransactionContainsProduct(Trans_id, Barcode, Piecies) values(18, (select Barcode from Products order by rand() limit 1),1);
insert into TransactionContainsProduct(Trans_id, Barcode, Piecies) values(18, (select Barcode from Products order by rand() limit 1),1);
insert into Transaction(Trans_id, Date_time,Total_piecies, Total_amount, Payment_method, Card, Store_id) values (19, '2020-02-16 18:51:57',0, 0, 'Cash', 1,4);
insert into TransactionContainsProduct(Trans_id, Barcode, Piecies) values(19, (select Barcode from Products order by rand() limit 1),1);
insert into TransactionContainsProduct(Trans_id, Barcode, Piecies) values(19, (select Barcode from Products order by rand() limit 1),1);
insert into TransactionContainsProduct(Trans_id, Barcode, Piecies) values(19, (select Barcode from Products order by rand() limit 1),1);
insert into TransactionContainsProduct(Trans_id, Barcode, Piecies) values(19, (select Barcode from Products order by rand() limit 1),2);
insert into TransactionContainsProduct(Trans_id, Barcode, Piecies) values(19, (select Barcode from Products order by rand() limit 1),1);
insert into Transaction(Trans_id, Date_time,Total_piecies, Total_amount, Payment_method, Card, Store_id) values (20, '2020-02-11 19:17:58',0, 0, 'Credit Card', 1,1);
insert into TransactionContainsProduct(Trans_id, Barcode, Piecies) values(20, (select Barcode from Products order by rand() limit 1),1);
insert into TransactionContainsProduct(Trans_id, Barcode, Piecies) values(20, (select Barcode from Products order by rand() limit 1),2);
insert into TransactionContainsProduct(Trans_id, Barcode, Piecies) values(20, (select Barcode from Products order by rand() limit 1),1);
insert into TransactionContainsProduct(Trans_id, Barcode, Piecies) values(20, (select Barcode from Products order by rand() limit 1),1);
insert into TransactionContainsProduct(Trans_id, Barcode, Piecies) values(20, (select Barcode from Products order by rand() limit 1),1);
insert into Transaction(Trans_id, Date_time,Total_piecies, Total_amount, Payment_method, Card, Store_id) values (21, '2020-03-10 09:26:45',0, 0, 'Credit Card', 1,2);
insert into TransactionContainsProduct(Trans_id, Barcode, Piecies) values(21, (select Barcode from Products order by rand() limit 1),1);
insert into TransactionContainsProduct(Trans_id, Barcode, Piecies) values(21, (select Barcode from Products order by rand() limit 1),1);
insert into TransactionContainsProduct(Trans_id, Barcode, Piecies) values(21, (select Barcode from Products order by rand() limit 1),1);
insert into TransactionContainsProduct(Trans_id, Barcode, Piecies) values(21, (select Barcode from Products order by rand() limit 1),1);
insert into TransactionContainsProduct(Trans_id, Barcode, Piecies) values(21, (select Barcode from Products order by rand() limit 1),1);
insert into Transaction(Trans_id, Date_time,Total_piecies, Total_amount, Payment_method, Card, Store_id) values (22, '2020-03-13 14:22:22',0, 0, 'Cash', 1,3);
insert into TransactionContainsProduct(Trans_id, Barcode, Piecies) values(22, (select Barcode from Products order by rand() limit 1),1);
insert into TransactionContainsProduct(Trans_id, Barcode, Piecies) values(22, (select Barcode from Products order by rand() limit 1),1);
insert into TransactionContainsProduct(Trans_id, Barcode, Piecies) values(22, (select Barcode from Products order by rand() limit 1),1);
insert into TransactionContainsProduct(Trans_id, Barcode, Piecies) values(22, (select Barcode from Products order by rand() limit 1),1);
insert into TransactionContainsProduct(Trans_id, Barcode, Piecies) values(22, (select Barcode from Products order by rand() limit 1),1);
insert into Transaction(Trans_id, Date_time,Total_piecies, Total_amount, Payment_method, Card, Store_id) values (23, '2020-03-24 10:24:00',0, 0, 'Credit Card', 1,4);
insert into TransactionContainsProduct(Trans_id, Barcode, Piecies) values(23, (select Barcode from Products order by rand() limit 1),1);
insert into TransactionContainsProduct(Trans_id, Barcode, Piecies) values(23, (select Barcode from Products order by rand() limit 1),1);
insert into TransactionContainsProduct(Trans_id, Barcode, Piecies) values(23, (select Barcode from Products order by rand() limit 1),2);
insert into TransactionContainsProduct(Trans_id, Barcode, Piecies) values(23, (select Barcode from Products order by rand() limit 1),1);
insert into TransactionContainsProduct(Trans_id, Barcode, Piecies) values(23, (select Barcode from Products order by rand() limit 1),2);
insert into Transaction(Trans_id, Date_time,Total_piecies, Total_amount, Payment_method, Card, Store_id) values (24, '2020-03-02 09:02:09',0, 0, 'Cash', 1,1);
insert into TransactionContainsProduct(Trans_id, Barcode, Piecies) values(24, (select Barcode from Products order by rand() limit 1),1);
insert into TransactionContainsProduct(Trans_id, Barcode, Piecies) values(24, (select Barcode from Products order by rand() limit 1),1);
insert into TransactionContainsProduct(Trans_id, Barcode, Piecies) values(24, (select Barcode from Products order by rand() limit 1),1);
insert into TransactionContainsProduct(Trans_id, Barcode, Piecies) values(24, (select Barcode from Products order by rand() limit 1),1);
insert into TransactionContainsProduct(Trans_id, Barcode, Piecies) values(24, (select Barcode from Products order by rand() limit 1),1);
insert into Transaction(Trans_id, Date_time,Total_piecies, Total_amount, Payment_method, Card, Store_id) values (25, '2020-03-28 13:58:47',0, 0, 'Credit Card', 1,2);
insert into TransactionContainsProduct(Trans_id, Barcode, Piecies) values(25, (select Barcode from Products order by rand() limit 1),1);
insert into TransactionContainsProduct(Trans_id, Barcode, Piecies) values(25, (select Barcode from Products order by rand() limit 1),1);
insert into TransactionContainsProduct(Trans_id, Barcode, Piecies) values(25, (select Barcode from Products order by rand() limit 1),1);
insert into TransactionContainsProduct(Trans_id, Barcode, Piecies) values(25, (select Barcode from Products order by rand() limit 1),1);
insert into TransactionContainsProduct(Trans_id, Barcode, Piecies) values(25, (select Barcode from Products order by rand() limit 1),1);
insert into Transaction(Trans_id, Date_time,Total_piecies, Total_amount, Payment_method, Card, Store_id) values (26, '2020-03-12 13:47:26',0, 0, 'Cash', 1,4);
insert into TransactionContainsProduct(Trans_id, Barcode, Piecies) values(26, (select Barcode from Products order by rand() limit 1),1);
insert into TransactionContainsProduct(Trans_id, Barcode, Piecies) values(26, (select Barcode from Products order by rand() limit 1),1);
insert into TransactionContainsProduct(Trans_id, Barcode, Piecies) values(26, (select Barcode from Products order by rand() limit 1),1);
insert into TransactionContainsProduct(Trans_id, Barcode, Piecies) values(26, (select Barcode from Products order by rand() limit 1),1);
insert into TransactionContainsProduct(Trans_id, Barcode, Piecies) values(26, (select Barcode from Products order by rand() limit 1),1);
insert into Transaction(Trans_id, Date_time,Total_piecies, Total_amount, Payment_method, Card, Store_id) values (27, '2020-03-22 09:41:55',0, 0, 'Credit Card', 1,3);
insert into TransactionContainsProduct(Trans_id, Barcode, Piecies) values(27, (select Barcode from Products order by rand() limit 1),1);
insert into TransactionContainsProduct(Trans_id, Barcode, Piecies) values(27, (select Barcode from Products order by rand() limit 1),1);
insert into TransactionContainsProduct(Trans_id, Barcode, Piecies) values(27, (select Barcode from Products order by rand() limit 1),1);
insert into TransactionContainsProduct(Trans_id, Barcode, Piecies) values(27, (select Barcode from Products order by rand() limit 1),1);
insert into TransactionContainsProduct(Trans_id, Barcode, Piecies) values(27, (select Barcode from Products order by rand() limit 1),1);
insert into Transaction(Trans_id, Date_time,Total_piecies, Total_amount, Payment_method, Card, Store_id) values (28, '2020-03-04 20:25:37',0, 0, 'Cash', 1,1);
insert into TransactionContainsProduct(Trans_id, Barcode, Piecies) values(28, (select Barcode from Products order by rand() limit 1),1);
insert into TransactionContainsProduct(Trans_id, Barcode, Piecies) values(28, (select Barcode from Products order by rand() limit 1),1);
insert into TransactionContainsProduct(Trans_id, Barcode, Piecies) values(28, (select Barcode from Products order by rand() limit 1),1);
insert into TransactionContainsProduct(Trans_id, Barcode, Piecies) values(28, (select Barcode from Products order by rand() limit 1),1);
insert into TransactionContainsProduct(Trans_id, Barcode, Piecies) values(28, (select Barcode from Products order by rand() limit 1),1);
insert into Transaction(Trans_id, Date_time,Total_piecies, Total_amount, Payment_method, Card, Store_id) values (29, '2020-03-19 14:18:47',0, 0, 'Cash', 1,2);
insert into TransactionContainsProduct(Trans_id, Barcode, Piecies) values(29, (select Barcode from Products order by rand() limit 1),1);
insert into TransactionContainsProduct(Trans_id, Barcode, Piecies) values(29, (select Barcode from Products order by rand() limit 1),2);
insert into TransactionContainsProduct(Trans_id, Barcode, Piecies) values(29, (select Barcode from Products order by rand() limit 1),1);
insert into TransactionContainsProduct(Trans_id, Barcode, Piecies) values(29, (select Barcode from Products order by rand() limit 1),1);
insert into TransactionContainsProduct(Trans_id, Barcode, Piecies) values(29, (select Barcode from Products order by rand() limit 1),1);
insert into Transaction(Trans_id, Date_time,Total_piecies, Total_amount, Payment_method, Card, Store_id) values (30, '2020-03-24 12:22:24',0, 0, 'Credit Card', 1,4);
insert into TransactionContainsProduct(Trans_id, Barcode, Piecies) values(30, (select Barcode from Products order by rand() limit 1),1);
insert into TransactionContainsProduct(Trans_id, Barcode, Piecies) values(30, (select Barcode from Products order by rand() limit 1),1);
insert into TransactionContainsProduct(Trans_id, Barcode, Piecies) values(30, (select Barcode from Products order by rand() limit 1),1);
insert into TransactionContainsProduct(Trans_id, Barcode, Piecies) values(30, (select Barcode from Products order by rand() limit 1),1);
insert into TransactionContainsProduct(Trans_id, Barcode, Piecies) values(30, (select Barcode from Products order by rand() limit 1),1);
insert into Transaction(Trans_id, Date_time,Total_piecies, Total_amount, Payment_method, Card, Store_id) values (31, '2020-04-12 09:08:48',0, 0, 'Credit Card', 1,4);
insert into TransactionContainsProduct(Trans_id, Barcode, Piecies) values(31, (select Barcode from Products order by rand() limit 1),2);
insert into TransactionContainsProduct(Trans_id, Barcode, Piecies) values(31, (select Barcode from Products order by rand() limit 1),1);
insert into TransactionContainsProduct(Trans_id, Barcode, Piecies) values(31, (select Barcode from Products order by rand() limit 1),1);
insert into TransactionContainsProduct(Trans_id, Barcode, Piecies) values(31, (select Barcode from Products order by rand() limit 1),1);
insert into TransactionContainsProduct(Trans_id, Barcode, Piecies) values(31, (select Barcode from Products order by rand() limit 1),1);
insert into Transaction(Trans_id, Date_time,Total_piecies, Total_amount, Payment_method, Card, Store_id) values (32, '2020-04-02 12:05:50',0, 0, 'Cash', 1,3);
insert into TransactionContainsProduct(Trans_id, Barcode, Piecies) values(32, (select Barcode from Products order by rand() limit 1),1);
insert into TransactionContainsProduct(Trans_id, Barcode, Piecies) values(32, (select Barcode from Products order by rand() limit 1),1);
insert into TransactionContainsProduct(Trans_id, Barcode, Piecies) values(32, (select Barcode from Products order by rand() limit 1),1);
insert into TransactionContainsProduct(Trans_id, Barcode, Piecies) values(32, (select Barcode from Products order by rand() limit 1),1);
insert into TransactionContainsProduct(Trans_id, Barcode, Piecies) values(32, (select Barcode from Products order by rand() limit 1),1);
insert into Transaction(Trans_id, Date_time,Total_piecies, Total_amount, Payment_method, Card, Store_id) values (33, '2020-04-03 11:02:50',0, 0, 'Credit Card', 1,3);
insert into TransactionContainsProduct(Trans_id, Barcode, Piecies) values(33, (select Barcode from Products order by rand() limit 1),2);
insert into TransactionContainsProduct(Trans_id, Barcode, Piecies) values(33, (select Barcode from Products order by rand() limit 1),1);
insert into TransactionContainsProduct(Trans_id, Barcode, Piecies) values(33, (select Barcode from Products order by rand() limit 1),2);
insert into TransactionContainsProduct(Trans_id, Barcode, Piecies) values(33, (select Barcode from Products order by rand() limit 1),1);
insert into TransactionContainsProduct(Trans_id, Barcode, Piecies) values(33, (select Barcode from Products order by rand() limit 1),1);
insert into Transaction(Trans_id, Date_time,Total_piecies, Total_amount, Payment_method, Card, Store_id) values (34, '2020-04-09 10:56:38',0, 0, 'Cash', 1,1);
insert into TransactionContainsProduct(Trans_id, Barcode, Piecies) values(34, (select Barcode from Products order by rand() limit 1),1);
insert into TransactionContainsProduct(Trans_id, Barcode, Piecies) values(34, (select Barcode from Products order by rand() limit 1),2);
insert into TransactionContainsProduct(Trans_id, Barcode, Piecies) values(34, (select Barcode from Products order by rand() limit 1),1);
insert into TransactionContainsProduct(Trans_id, Barcode, Piecies) values(34, (select Barcode from Products order by rand() limit 1),1);
insert into TransactionContainsProduct(Trans_id, Barcode, Piecies) values(34, (select Barcode from Products order by rand() limit 1),1);
insert into Transaction(Trans_id, Date_time,Total_piecies, Total_amount, Payment_method, Card, Store_id) values (35, '2020-04-20 17:03:28',0, 0, 'Cash', 1,2);
insert into TransactionContainsProduct(Trans_id, Barcode, Piecies) values(35, (select Barcode from Products order by rand() limit 1),1);
insert into TransactionContainsProduct(Trans_id, Barcode, Piecies) values(35, (select Barcode from Products order by rand() limit 1),1);
insert into TransactionContainsProduct(Trans_id, Barcode, Piecies) values(35, (select Barcode from Products order by rand() limit 1),1);
insert into TransactionContainsProduct(Trans_id, Barcode, Piecies) values(35, (select Barcode from Products order by rand() limit 1),1);
insert into TransactionContainsProduct(Trans_id, Barcode, Piecies) values(35, (select Barcode from Products order by rand() limit 1),1);
insert into Transaction(Trans_id, Date_time,Total_piecies, Total_amount, Payment_method, Card, Store_id) values (36, '2020-04-01 20:33:19',0, 0, 'Credit Card', 1,3);
insert into TransactionContainsProduct(Trans_id, Barcode, Piecies) values(36, (select Barcode from Products order by rand() limit 1),1);
insert into TransactionContainsProduct(Trans_id, Barcode, Piecies) values(36, (select Barcode from Products order by rand() limit 1),1);
insert into TransactionContainsProduct(Trans_id, Barcode, Piecies) values(36, (select Barcode from Products order by rand() limit 1),1);
insert into TransactionContainsProduct(Trans_id, Barcode, Piecies) values(36, (select Barcode from Products order by rand() limit 1),1);
insert into TransactionContainsProduct(Trans_id, Barcode, Piecies) values(36, (select Barcode from Products order by rand() limit 1),1);
insert into Transaction(Trans_id, Date_time,Total_piecies, Total_amount, Payment_method, Card, Store_id) values (37, '2020-04-04 18:36:12',0, 0, 'Credit Card', 1,4);
insert into TransactionContainsProduct(Trans_id, Barcode, Piecies) values(37, (select Barcode from Products order by rand() limit 1),1);
insert into TransactionContainsProduct(Trans_id, Barcode, Piecies) values(37, (select Barcode from Products order by rand() limit 1),1);
insert into TransactionContainsProduct(Trans_id, Barcode, Piecies) values(37, (select Barcode from Products order by rand() limit 1),1);
insert into TransactionContainsProduct(Trans_id, Barcode, Piecies) values(37, (select Barcode from Products order by rand() limit 1),1);
insert into TransactionContainsProduct(Trans_id, Barcode, Piecies) values(37, (select Barcode from Products order by rand() limit 1),1);
insert into Transaction(Trans_id, Date_time,Total_piecies, Total_amount, Payment_method, Card, Store_id) values (38, '2020-04-15 19:34:36',0, 0, 'Credit Card', 1,1);
insert into TransactionContainsProduct(Trans_id, Barcode, Piecies) values(38, (select Barcode from Products order by rand() limit 1),1);
insert into TransactionContainsProduct(Trans_id, Barcode, Piecies) values(38, (select Barcode from Products order by rand() limit 1),1);
insert into TransactionContainsProduct(Trans_id, Barcode, Piecies) values(38, (select Barcode from Products order by rand() limit 1),1);
insert into TransactionContainsProduct(Trans_id, Barcode, Piecies) values(38, (select Barcode from Products order by rand() limit 1),1);
insert into TransactionContainsProduct(Trans_id, Barcode, Piecies) values(38, (select Barcode from Products order by rand() limit 1),1);
insert into Transaction(Trans_id, Date_time,Total_piecies, Total_amount, Payment_method, Card, Store_id) values (39, '2020-04-25 20:49:51',0, 0, 'Cash', 1,2);
insert into TransactionContainsProduct(Trans_id, Barcode, Piecies) values(39, (select Barcode from Products order by rand() limit 1),2);
insert into TransactionContainsProduct(Trans_id, Barcode, Piecies) values(39, (select Barcode from Products order by rand() limit 1),1);
insert into TransactionContainsProduct(Trans_id, Barcode, Piecies) values(39, (select Barcode from Products order by rand() limit 1),1);
insert into TransactionContainsProduct(Trans_id, Barcode, Piecies) values(39, (select Barcode from Products order by rand() limit 1),1);
insert into TransactionContainsProduct(Trans_id, Barcode, Piecies) values(39, (select Barcode from Products order by rand() limit 1),1);
insert into Transaction(Trans_id, Date_time,Total_piecies, Total_amount, Payment_method, Card, Store_id) values (40, '2020-04-21 12:25:28',0, 0, 'Credit Card', 1,3);
insert into TransactionContainsProduct(Trans_id, Barcode, Piecies) values(40, (select Barcode from Products order by rand() limit 1),2);
insert into TransactionContainsProduct(Trans_id, Barcode, Piecies) values(40, (select Barcode from Products order by rand() limit 1),1);
insert into TransactionContainsProduct(Trans_id, Barcode, Piecies) values(40, (select Barcode from Products order by rand() limit 1),1);
insert into TransactionContainsProduct(Trans_id, Barcode, Piecies) values(40, (select Barcode from Products order by rand() limit 1),1);
insert into TransactionContainsProduct(Trans_id, Barcode, Piecies) values(40, (select Barcode from Products order by rand() limit 1),1);
insert into Transaction(Trans_id, Date_time,Total_piecies, Total_amount, Payment_method, Card, Store_id) values (41, '2020-01-21 12:10:05',0, 0, 'Credit Card', 2,1);
insert into TransactionContainsProduct(Trans_id, Barcode, Piecies) values(41, (select Barcode from Products order by rand() limit 1),1);
insert into TransactionContainsProduct(Trans_id, Barcode, Piecies) values(41, (select Barcode from Products order by rand() limit 1),1);
insert into TransactionContainsProduct(Trans_id, Barcode, Piecies) values(41, (select Barcode from Products order by rand() limit 1),1);
insert into TransactionContainsProduct(Trans_id, Barcode, Piecies) values(41, (select Barcode from Products order by rand() limit 1),1);
insert into TransactionContainsProduct(Trans_id, Barcode, Piecies) values(41, (select Barcode from Products order by rand() limit 1),1);
insert into Transaction(Trans_id, Date_time,Total_piecies, Total_amount, Payment_method, Card, Store_id) values (42, '2020-01-04 16:48:31',0, 0, 'Cash', 2,2);
insert into TransactionContainsProduct(Trans_id, Barcode, Piecies) values(42, (select Barcode from Products order by rand() limit 1),1);
insert into TransactionContainsProduct(Trans_id, Barcode, Piecies) values(42, (select Barcode from Products order by rand() limit 1),1);
insert into TransactionContainsProduct(Trans_id, Barcode, Piecies) values(42, (select Barcode from Products order by rand() limit 1),2);
insert into TransactionContainsProduct(Trans_id, Barcode, Piecies) values(42, (select Barcode from Products order by rand() limit 1),1);
insert into TransactionContainsProduct(Trans_id, Barcode, Piecies) values(42, (select Barcode from Products order by rand() limit 1),1);
insert into Transaction(Trans_id, Date_time,Total_piecies, Total_amount, Payment_method, Card, Store_id) values (43, '2020-01-16 14:32:24',0, 0, 'Credit Card', 2,3);
insert into TransactionContainsProduct(Trans_id, Barcode, Piecies) values(43, (select Barcode from Products order by rand() limit 1),2);
insert into TransactionContainsProduct(Trans_id, Barcode, Piecies) values(43, (select Barcode from Products order by rand() limit 1),4);
insert into TransactionContainsProduct(Trans_id, Barcode, Piecies) values(43, (select Barcode from Products order by rand() limit 1),1);
insert into TransactionContainsProduct(Trans_id, Barcode, Piecies) values(43, (select Barcode from Products order by rand() limit 1),1);
insert into TransactionContainsProduct(Trans_id, Barcode, Piecies) values(43, (select Barcode from Products order by rand() limit 1),2);
insert into Transaction(Trans_id, Date_time,Total_piecies, Total_amount, Payment_method, Card, Store_id) values (44, '2020-01-08 13:16:26',0, 0, 'Credit Card', 2,4);
insert into TransactionContainsProduct(Trans_id, Barcode, Piecies) values(44, (select Barcode from Products order by rand() limit 1),1);
insert into TransactionContainsProduct(Trans_id, Barcode, Piecies) values(44, (select Barcode from Products order by rand() limit 1),2);
insert into TransactionContainsProduct(Trans_id, Barcode, Piecies) values(44, (select Barcode from Products order by rand() limit 1),1);
insert into TransactionContainsProduct(Trans_id, Barcode, Piecies) values(44, (select Barcode from Products order by rand() limit 1),4);
insert into TransactionContainsProduct(Trans_id, Barcode, Piecies) values(44, (select Barcode from Products order by rand() limit 1),1);
insert into Transaction(Trans_id, Date_time,Total_piecies, Total_amount, Payment_method, Card, Store_id) values (45, '2020-01-02 13:23:23',0, 0, 'Cash', 2,1);
insert into TransactionContainsProduct(Trans_id, Barcode, Piecies) values(45, (select Barcode from Products order by rand() limit 1),1);
insert into TransactionContainsProduct(Trans_id, Barcode, Piecies) values(45, (select Barcode from Products order by rand() limit 1),2);
insert into TransactionContainsProduct(Trans_id, Barcode, Piecies) values(45, (select Barcode from Products order by rand() limit 1),1);
insert into TransactionContainsProduct(Trans_id, Barcode, Piecies) values(45, (select Barcode from Products order by rand() limit 1),1);
insert into TransactionContainsProduct(Trans_id, Barcode, Piecies) values(45, (select Barcode from Products order by rand() limit 1),1);
insert into Transaction(Trans_id, Date_time,Total_piecies, Total_amount, Payment_method, Card, Store_id) values (46, '2020-01-12 10:09:57',0, 0, 'Credit Card', 2,2);
insert into TransactionContainsProduct(Trans_id, Barcode, Piecies) values(46, (select Barcode from Products order by rand() limit 1),1);
insert into TransactionContainsProduct(Trans_id, Barcode, Piecies) values(46, (select Barcode from Products order by rand() limit 1),1);
insert into TransactionContainsProduct(Trans_id, Barcode, Piecies) values(46, (select Barcode from Products order by rand() limit 1),1);
insert into TransactionContainsProduct(Trans_id, Barcode, Piecies) values(46, (select Barcode from Products order by rand() limit 1),1);
insert into TransactionContainsProduct(Trans_id, Barcode, Piecies) values(46, (select Barcode from Products order by rand() limit 1),1);
insert into Transaction(Trans_id, Date_time,Total_piecies, Total_amount, Payment_method, Card, Store_id) values (47, '2020-01-23 13:39:35',0, 0, 'Credit Card', 2,3);
insert into TransactionContainsProduct(Trans_id, Barcode, Piecies) values(47, (select Barcode from Products order by rand() limit 1),1);
insert into TransactionContainsProduct(Trans_id, Barcode, Piecies) values(47, (select Barcode from Products order by rand() limit 1),2);
insert into TransactionContainsProduct(Trans_id, Barcode, Piecies) values(47, (select Barcode from Products order by rand() limit 1),1);
insert into TransactionContainsProduct(Trans_id, Barcode, Piecies) values(47, (select Barcode from Products order by rand() limit 1),2);
insert into TransactionContainsProduct(Trans_id, Barcode, Piecies) values(47, (select Barcode from Products order by rand() limit 1),2);
insert into Transaction(Trans_id, Date_time,Total_piecies, Total_amount, Payment_method, Card, Store_id) values (48, '2020-01-23 14:43:14',0, 0, 'Cash', 2,4);
insert into TransactionContainsProduct(Trans_id, Barcode, Piecies) values(48, (select Barcode from Products order by rand() limit 1),3);
insert into TransactionContainsProduct(Trans_id, Barcode, Piecies) values(48, (select Barcode from Products order by rand() limit 1),3);
insert into TransactionContainsProduct(Trans_id, Barcode, Piecies) values(48, (select Barcode from Products order by rand() limit 1),3);
insert into TransactionContainsProduct(Trans_id, Barcode, Piecies) values(48, (select Barcode from Products order by rand() limit 1),2);
insert into TransactionContainsProduct(Trans_id, Barcode, Piecies) values(48, (select Barcode from Products order by rand() limit 1),1);
insert into Transaction(Trans_id, Date_time,Total_piecies, Total_amount, Payment_method, Card, Store_id) values (49, '2020-01-18 11:28:59',0, 0, 'Credit Card', 2,1);
insert into TransactionContainsProduct(Trans_id, Barcode, Piecies) values(49, (select Barcode from Products order by rand() limit 1),1);
insert into TransactionContainsProduct(Trans_id, Barcode, Piecies) values(49, (select Barcode from Products order by rand() limit 1),2);
insert into TransactionContainsProduct(Trans_id, Barcode, Piecies) values(49, (select Barcode from Products order by rand() limit 1),1);
insert into TransactionContainsProduct(Trans_id, Barcode, Piecies) values(49, (select Barcode from Products order by rand() limit 1),1);
insert into TransactionContainsProduct(Trans_id, Barcode, Piecies) values(49, (select Barcode from Products order by rand() limit 1),2);
insert into Transaction(Trans_id, Date_time,Total_piecies, Total_amount, Payment_method, Card, Store_id) values (50, '2020-01-30 16:49:41',0, 0, 'Cash', 2,2);
insert into TransactionContainsProduct(Trans_id, Barcode, Piecies) values(50, (select Barcode from Products order by rand() limit 1),1);
insert into TransactionContainsProduct(Trans_id, Barcode, Piecies) values(50, (select Barcode from Products order by rand() limit 1),2);
insert into TransactionContainsProduct(Trans_id, Barcode, Piecies) values(50, (select Barcode from Products order by rand() limit 1),1);
insert into TransactionContainsProduct(Trans_id, Barcode, Piecies) values(50, (select Barcode from Products order by rand() limit 1),1);
insert into TransactionContainsProduct(Trans_id, Barcode, Piecies) values(50, (select Barcode from Products order by rand() limit 1),2);
insert into Transaction(Trans_id, Date_time,Total_piecies, Total_amount, Payment_method, Card, Store_id) values (51, '2020-02-08 11:17:55',0, 0, 'Credit Card', 2,3);
insert into TransactionContainsProduct(Trans_id, Barcode, Piecies) values(51, (select Barcode from Products order by rand() limit 1),2);
insert into TransactionContainsProduct(Trans_id, Barcode, Piecies) values(51, (select Barcode from Products order by rand() limit 1),2);
insert into TransactionContainsProduct(Trans_id, Barcode, Piecies) values(51, (select Barcode from Products order by rand() limit 1),1);
insert into TransactionContainsProduct(Trans_id, Barcode, Piecies) values(51, (select Barcode from Products order by rand() limit 1),1);
insert into TransactionContainsProduct(Trans_id, Barcode, Piecies) values(51, (select Barcode from Products order by rand() limit 1),1);
insert into Transaction(Trans_id, Date_time,Total_piecies, Total_amount, Payment_method, Card, Store_id) values (52, '2020-02-03 11:35:44',0, 0, 'Credit Card', 2,4);
insert into TransactionContainsProduct(Trans_id, Barcode, Piecies) values(52, (select Barcode from Products order by rand() limit 1),1);
insert into TransactionContainsProduct(Trans_id, Barcode, Piecies) values(52, (select Barcode from Products order by rand() limit 1),1);
insert into TransactionContainsProduct(Trans_id, Barcode, Piecies) values(52, (select Barcode from Products order by rand() limit 1),1);
insert into TransactionContainsProduct(Trans_id, Barcode, Piecies) values(52, (select Barcode from Products order by rand() limit 1),1);
insert into TransactionContainsProduct(Trans_id, Barcode, Piecies) values(52, (select Barcode from Products order by rand() limit 1),1);
insert into Transaction(Trans_id, Date_time,Total_piecies, Total_amount, Payment_method, Card, Store_id) values (53, '2020-02-19 09:04:55',0, 0, 'Cash', 2,1);
insert into TransactionContainsProduct(Trans_id, Barcode, Piecies) values(53, (select Barcode from Products order by rand() limit 1),1);
insert into TransactionContainsProduct(Trans_id, Barcode, Piecies) values(53, (select Barcode from Products order by rand() limit 1),1);
insert into TransactionContainsProduct(Trans_id, Barcode, Piecies) values(53, (select Barcode from Products order by rand() limit 1),1);
insert into TransactionContainsProduct(Trans_id, Barcode, Piecies) values(53, (select Barcode from Products order by rand() limit 1),2);
insert into TransactionContainsProduct(Trans_id, Barcode, Piecies) values(53, (select Barcode from Products order by rand() limit 1),1);
insert into Transaction(Trans_id, Date_time,Total_piecies, Total_amount, Payment_method, Card, Store_id) values (54, '2020-02-26 10:44:16',0, 0, 'Cash', 2,2);
insert into TransactionContainsProduct(Trans_id, Barcode, Piecies) values(54, (select Barcode from Products order by rand() limit 1),1);
insert into TransactionContainsProduct(Trans_id, Barcode, Piecies) values(54, (select Barcode from Products order by rand() limit 1),1);
insert into TransactionContainsProduct(Trans_id, Barcode, Piecies) values(54, (select Barcode from Products order by rand() limit 1),1);
insert into TransactionContainsProduct(Trans_id, Barcode, Piecies) values(54, (select Barcode from Products order by rand() limit 1),1);
insert into TransactionContainsProduct(Trans_id, Barcode, Piecies) values(54, (select Barcode from Products order by rand() limit 1),1);
insert into Transaction(Trans_id, Date_time,Total_piecies, Total_amount, Payment_method, Card, Store_id) values (55, '2020-02-05 16:17:08',0, 0, 'Cash', 2,3);
insert into TransactionContainsProduct(Trans_id, Barcode, Piecies) values(55, (select Barcode from Products order by rand() limit 1),1);
insert into TransactionContainsProduct(Trans_id, Barcode, Piecies) values(55, (select Barcode from Products order by rand() limit 1),1);
insert into TransactionContainsProduct(Trans_id, Barcode, Piecies) values(55, (select Barcode from Products order by rand() limit 1),1);
insert into TransactionContainsProduct(Trans_id, Barcode, Piecies) values(55, (select Barcode from Products order by rand() limit 1),2);
insert into TransactionContainsProduct(Trans_id, Barcode, Piecies) values(55, (select Barcode from Products order by rand() limit 1),1);
insert into Transaction(Trans_id, Date_time,Total_piecies, Total_amount, Payment_method, Card, Store_id) values (56, '2020-02-15 14:06:46',0, 0, 'Cash', 2,4);
insert into TransactionContainsProduct(Trans_id, Barcode, Piecies) values(56, (select Barcode from Products order by rand() limit 1),1);
insert into TransactionContainsProduct(Trans_id, Barcode, Piecies) values(56, (select Barcode from Products order by rand() limit 1),1);
insert into TransactionContainsProduct(Trans_id, Barcode, Piecies) values(56, (select Barcode from Products order by rand() limit 1),2);
insert into TransactionContainsProduct(Trans_id, Barcode, Piecies) values(56, (select Barcode from Products order by rand() limit 1),1);
insert into TransactionContainsProduct(Trans_id, Barcode, Piecies) values(56, (select Barcode from Products order by rand() limit 1),1);
insert into Transaction(Trans_id, Date_time,Total_piecies, Total_amount, Payment_method, Card, Store_id) values (57, '2020-02-14 17:34:43',0, 0, 'Credit Card', 2,1);
insert into TransactionContainsProduct(Trans_id, Barcode, Piecies) values(57, (select Barcode from Products order by rand() limit 1),1);
insert into TransactionContainsProduct(Trans_id, Barcode, Piecies) values(57, (select Barcode from Products order by rand() limit 1),1);
insert into TransactionContainsProduct(Trans_id, Barcode, Piecies) values(57, (select Barcode from Products order by rand() limit 1),1);
insert into TransactionContainsProduct(Trans_id, Barcode, Piecies) values(57, (select Barcode from Products order by rand() limit 1),4);
insert into TransactionContainsProduct(Trans_id, Barcode, Piecies) values(57, (select Barcode from Products order by rand() limit 1),1);
insert into Transaction(Trans_id, Date_time,Total_piecies, Total_amount, Payment_method, Card, Store_id) values (58, '2020-02-26 18:17:20',0, 0, 'Credit Card', 2,2);
insert into TransactionContainsProduct(Trans_id, Barcode, Piecies) values(58, (select Barcode from Products order by rand() limit 1),1);
insert into TransactionContainsProduct(Trans_id, Barcode, Piecies) values(58, (select Barcode from Products order by rand() limit 1),1);
insert into TransactionContainsProduct(Trans_id, Barcode, Piecies) values(58, (select Barcode from Products order by rand() limit 1),1);
insert into TransactionContainsProduct(Trans_id, Barcode, Piecies) values(58, (select Barcode from Products order by rand() limit 1),1);
insert into TransactionContainsProduct(Trans_id, Barcode, Piecies) values(58, (select Barcode from Products order by rand() limit 1),1);
insert into Transaction(Trans_id, Date_time,Total_piecies, Total_amount, Payment_method, Card, Store_id) values (59, '2020-02-13 19:25:45',0, 0, 'Cash', 2,3);
insert into TransactionContainsProduct(Trans_id, Barcode, Piecies) values(59, (select Barcode from Products order by rand() limit 1),1);
insert into TransactionContainsProduct(Trans_id, Barcode, Piecies) values(59, (select Barcode from Products order by rand() limit 1),1);
insert into TransactionContainsProduct(Trans_id, Barcode, Piecies) values(59, (select Barcode from Products order by rand() limit 1),1);
insert into TransactionContainsProduct(Trans_id, Barcode, Piecies) values(59, (select Barcode from Products order by rand() limit 1),2);
insert into TransactionContainsProduct(Trans_id, Barcode, Piecies) values(59, (select Barcode from Products order by rand() limit 1),1);
insert into Transaction(Trans_id, Date_time,Total_piecies, Total_amount, Payment_method, Card, Store_id) values (60, '2020-02-12 09:16:44',0, 0, 'Credit Card', 2,4);
insert into TransactionContainsProduct(Trans_id, Barcode, Piecies) values(60, (select Barcode from Products order by rand() limit 1),1);
insert into TransactionContainsProduct(Trans_id, Barcode, Piecies) values(60, (select Barcode from Products order by rand() limit 1),2);
insert into TransactionContainsProduct(Trans_id, Barcode, Piecies) values(60, (select Barcode from Products order by rand() limit 1),1);
insert into TransactionContainsProduct(Trans_id, Barcode, Piecies) values(60, (select Barcode from Products order by rand() limit 1),1);
insert into TransactionContainsProduct(Trans_id, Barcode, Piecies) values(60, (select Barcode from Products order by rand() limit 1),1);
insert into Transaction(Trans_id, Date_time,Total_piecies, Total_amount, Payment_method, Card, Store_id) values (61, '2020-03-01 11:55:36',0, 0, 'Credit Card', 2,1);
insert into TransactionContainsProduct(Trans_id, Barcode, Piecies) values(61, (select Barcode from Products order by rand() limit 1),1);
insert into TransactionContainsProduct(Trans_id, Barcode, Piecies) values(61, (select Barcode from Products order by rand() limit 1),1);
insert into TransactionContainsProduct(Trans_id, Barcode, Piecies) values(61, (select Barcode from Products order by rand() limit 1),1);
insert into TransactionContainsProduct(Trans_id, Barcode, Piecies) values(61, (select Barcode from Products order by rand() limit 1),1);
insert into TransactionContainsProduct(Trans_id, Barcode, Piecies) values(61, (select Barcode from Products order by rand() limit 1),1);
insert into Transaction(Trans_id, Date_time,Total_piecies, Total_amount, Payment_method, Card, Store_id) values (62, '2020-03-22 10:47:35',0, 0, 'Cash', 2,2);
insert into TransactionContainsProduct(Trans_id, Barcode, Piecies) values(62, (select Barcode from Products order by rand() limit 1),1);
insert into TransactionContainsProduct(Trans_id, Barcode, Piecies) values(62, (select Barcode from Products order by rand() limit 1),1);
insert into TransactionContainsProduct(Trans_id, Barcode, Piecies) values(62, (select Barcode from Products order by rand() limit 1),1);
insert into TransactionContainsProduct(Trans_id, Barcode, Piecies) values(62, (select Barcode from Products order by rand() limit 1),1);
insert into TransactionContainsProduct(Trans_id, Barcode, Piecies) values(62, (select Barcode from Products order by rand() limit 1),1);
insert into Transaction(Trans_id, Date_time,Total_piecies, Total_amount, Payment_method, Card, Store_id) values (63, '2020-03-08 14:25:15',0, 0, 'Credit Card', 2,3);
insert into TransactionContainsProduct(Trans_id, Barcode, Piecies) values(63, (select Barcode from Products order by rand() limit 1),1);
insert into TransactionContainsProduct(Trans_id, Barcode, Piecies) values(63, (select Barcode from Products order by rand() limit 1),1);
insert into TransactionContainsProduct(Trans_id, Barcode, Piecies) values(63, (select Barcode from Products order by rand() limit 1),2);
insert into TransactionContainsProduct(Trans_id, Barcode, Piecies) values(63, (select Barcode from Products order by rand() limit 1),1);
insert into TransactionContainsProduct(Trans_id, Barcode, Piecies) values(63, (select Barcode from Products order by rand() limit 1),2);
insert into Transaction(Trans_id, Date_time,Total_piecies, Total_amount, Payment_method, Card, Store_id) values (64, '2020-03-04 17:43:32',0, 0, 'Cash', 2,4);
insert into TransactionContainsProduct(Trans_id, Barcode, Piecies) values(64, (select Barcode from Products order by rand() limit 1),1);
insert into TransactionContainsProduct(Trans_id, Barcode, Piecies) values(64, (select Barcode from Products order by rand() limit 1),1);
insert into TransactionContainsProduct(Trans_id, Barcode, Piecies) values(64, (select Barcode from Products order by rand() limit 1),1);
insert into TransactionContainsProduct(Trans_id, Barcode, Piecies) values(64, (select Barcode from Products order by rand() limit 1),1);
insert into TransactionContainsProduct(Trans_id, Barcode, Piecies) values(64, (select Barcode from Products order by rand() limit 1),1);
insert into Transaction(Trans_id, Date_time,Total_piecies, Total_amount, Payment_method, Card, Store_id) values (65, '2020-03-26 18:08:46',0, 0, 'Credit Card', 2,1);
insert into TransactionContainsProduct(Trans_id, Barcode, Piecies) values(65, (select Barcode from Products order by rand() limit 1),1);
insert into TransactionContainsProduct(Trans_id, Barcode, Piecies) values(65, (select Barcode from Products order by rand() limit 1),1);
insert into TransactionContainsProduct(Trans_id, Barcode, Piecies) values(65, (select Barcode from Products order by rand() limit 1),1);
insert into TransactionContainsProduct(Trans_id, Barcode, Piecies) values(65, (select Barcode from Products order by rand() limit 1),1);
insert into TransactionContainsProduct(Trans_id, Barcode, Piecies) values(65, (select Barcode from Products order by rand() limit 1),1);
insert into Transaction(Trans_id, Date_time,Total_piecies, Total_amount, Payment_method, Card, Store_id) values (66, '2020-03-09 13:29:24',0, 0, 'Cash', 2,2);
insert into TransactionContainsProduct(Trans_id, Barcode, Piecies) values(66, (select Barcode from Products order by rand() limit 1),1);
insert into TransactionContainsProduct(Trans_id, Barcode, Piecies) values(66, (select Barcode from Products order by rand() limit 1),1);
insert into TransactionContainsProduct(Trans_id, Barcode, Piecies) values(66, (select Barcode from Products order by rand() limit 1),1);
insert into TransactionContainsProduct(Trans_id, Barcode, Piecies) values(66, (select Barcode from Products order by rand() limit 1),1);
insert into TransactionContainsProduct(Trans_id, Barcode, Piecies) values(66, (select Barcode from Products order by rand() limit 1),1);
insert into Transaction(Trans_id, Date_time,Total_piecies, Total_amount, Payment_method, Card, Store_id) values (67, '2020-03-19 20:59:47',0, 0, 'Credit Card', 2,3);
insert into TransactionContainsProduct(Trans_id, Barcode, Piecies) values(67, (select Barcode from Products order by rand() limit 1),1);
insert into TransactionContainsProduct(Trans_id, Barcode, Piecies) values(67, (select Barcode from Products order by rand() limit 1),1);
insert into TransactionContainsProduct(Trans_id, Barcode, Piecies) values(67, (select Barcode from Products order by rand() limit 1),1);
insert into TransactionContainsProduct(Trans_id, Barcode, Piecies) values(67, (select Barcode from Products order by rand() limit 1),1);
insert into TransactionContainsProduct(Trans_id, Barcode, Piecies) values(67, (select Barcode from Products order by rand() limit 1),1);
insert into Transaction(Trans_id, Date_time,Total_piecies, Total_amount, Payment_method, Card, Store_id) values (68, '2020-03-31 12:42:08',0, 0, 'Cash', 2,4);
insert into TransactionContainsProduct(Trans_id, Barcode, Piecies) values(68, (select Barcode from Products order by rand() limit 1),1);
insert into TransactionContainsProduct(Trans_id, Barcode, Piecies) values(68, (select Barcode from Products order by rand() limit 1),1);
insert into TransactionContainsProduct(Trans_id, Barcode, Piecies) values(68, (select Barcode from Products order by rand() limit 1),1);
insert into TransactionContainsProduct(Trans_id, Barcode, Piecies) values(68, (select Barcode from Products order by rand() limit 1),1);
insert into TransactionContainsProduct(Trans_id, Barcode, Piecies) values(68, (select Barcode from Products order by rand() limit 1),1);
insert into Transaction(Trans_id, Date_time,Total_piecies, Total_amount, Payment_method, Card, Store_id) values (69, '2020-03-20 20:30:01',0, 0, 'Cash', 2,1);
insert into TransactionContainsProduct(Trans_id, Barcode, Piecies) values(69, (select Barcode from Products order by rand() limit 1),1);
insert into TransactionContainsProduct(Trans_id, Barcode, Piecies) values(69, (select Barcode from Products order by rand() limit 1),2);
insert into TransactionContainsProduct(Trans_id, Barcode, Piecies) values(69, (select Barcode from Products order by rand() limit 1),1);
insert into TransactionContainsProduct(Trans_id, Barcode, Piecies) values(69, (select Barcode from Products order by rand() limit 1),1);
insert into TransactionContainsProduct(Trans_id, Barcode, Piecies) values(69, (select Barcode from Products order by rand() limit 1),1);
insert into Transaction(Trans_id, Date_time,Total_piecies, Total_amount, Payment_method, Card, Store_id) values (70, '2020-03-26 17:52:00',0, 0, 'Credit Card', 2,2);
insert into TransactionContainsProduct(Trans_id, Barcode, Piecies) values(70, (select Barcode from Products order by rand() limit 1),1);
insert into TransactionContainsProduct(Trans_id, Barcode, Piecies) values(70, (select Barcode from Products order by rand() limit 1),1);
insert into TransactionContainsProduct(Trans_id, Barcode, Piecies) values(70, (select Barcode from Products order by rand() limit 1),1);
insert into TransactionContainsProduct(Trans_id, Barcode, Piecies) values(70, (select Barcode from Products order by rand() limit 1),1);
insert into TransactionContainsProduct(Trans_id, Barcode, Piecies) values(70, (select Barcode from Products order by rand() limit 1),1);
insert into Transaction(Trans_id, Date_time,Total_piecies, Total_amount, Payment_method, Card, Store_id) values (71, '2020-04-28 14:37:46',0, 0, 'Credit Card', 2,3);
insert into TransactionContainsProduct(Trans_id, Barcode, Piecies) values(71, (select Barcode from Products order by rand() limit 1),2);
insert into TransactionContainsProduct(Trans_id, Barcode, Piecies) values(71, (select Barcode from Products order by rand() limit 1),1);
insert into TransactionContainsProduct(Trans_id, Barcode, Piecies) values(71, (select Barcode from Products order by rand() limit 1),1);
insert into TransactionContainsProduct(Trans_id, Barcode, Piecies) values(71, (select Barcode from Products order by rand() limit 1),1);
insert into TransactionContainsProduct(Trans_id, Barcode, Piecies) values(71, (select Barcode from Products order by rand() limit 1),1);
insert into Transaction(Trans_id, Date_time,Total_piecies, Total_amount, Payment_method, Card, Store_id) values (72, '2020-04-18 12:52:25',0, 0, 'Cash', 2,4);
insert into TransactionContainsProduct(Trans_id, Barcode, Piecies) values(72, (select Barcode from Products order by rand() limit 1),1);
insert into TransactionContainsProduct(Trans_id, Barcode, Piecies) values(72, (select Barcode from Products order by rand() limit 1),1);
insert into TransactionContainsProduct(Trans_id, Barcode, Piecies) values(72, (select Barcode from Products order by rand() limit 1),1);
insert into TransactionContainsProduct(Trans_id, Barcode, Piecies) values(72, (select Barcode from Products order by rand() limit 1),1);
insert into TransactionContainsProduct(Trans_id, Barcode, Piecies) values(72, (select Barcode from Products order by rand() limit 1),1);
insert into Transaction(Trans_id, Date_time,Total_piecies, Total_amount, Payment_method, Card, Store_id) values (73, '2020-04-03 09:28:47',0, 0, 'Credit Card', 2,1);
insert into TransactionContainsProduct(Trans_id, Barcode, Piecies) values(73, (select Barcode from Products order by rand() limit 1),2);
insert into TransactionContainsProduct(Trans_id, Barcode, Piecies) values(73, (select Barcode from Products order by rand() limit 1),1);
insert into TransactionContainsProduct(Trans_id, Barcode, Piecies) values(73, (select Barcode from Products order by rand() limit 1),2);
insert into TransactionContainsProduct(Trans_id, Barcode, Piecies) values(73, (select Barcode from Products order by rand() limit 1),1);
insert into TransactionContainsProduct(Trans_id, Barcode, Piecies) values(73, (select Barcode from Products order by rand() limit 1),1);
insert into Transaction(Trans_id, Date_time,Total_piecies, Total_amount, Payment_method, Card, Store_id) values (74, '2020-04-20 15:46:45',0, 0, 'Cash', 2,2);
insert into TransactionContainsProduct(Trans_id, Barcode, Piecies) values(74, (select Barcode from Products order by rand() limit 1),1);
insert into TransactionContainsProduct(Trans_id, Barcode, Piecies) values(74, (select Barcode from Products order by rand() limit 1),2);
insert into TransactionContainsProduct(Trans_id, Barcode, Piecies) values(74, (select Barcode from Products order by rand() limit 1),1);
insert into TransactionContainsProduct(Trans_id, Barcode, Piecies) values(74, (select Barcode from Products order by rand() limit 1),1);
insert into TransactionContainsProduct(Trans_id, Barcode, Piecies) values(74, (select Barcode from Products order by rand() limit 1),1);
insert into Transaction(Trans_id, Date_time,Total_piecies, Total_amount, Payment_method, Card, Store_id) values (75, '2020-04-30 15:27:24',0, 0, 'Cash', 2,3);
insert into TransactionContainsProduct(Trans_id, Barcode, Piecies) values(75, (select Barcode from Products order by rand() limit 1),1);
insert into TransactionContainsProduct(Trans_id, Barcode, Piecies) values(75, (select Barcode from Products order by rand() limit 1),1);
insert into TransactionContainsProduct(Trans_id, Barcode, Piecies) values(75, (select Barcode from Products order by rand() limit 1),1);
insert into TransactionContainsProduct(Trans_id, Barcode, Piecies) values(75, (select Barcode from Products order by rand() limit 1),1);
insert into TransactionContainsProduct(Trans_id, Barcode, Piecies) values(75, (select Barcode from Products order by rand() limit 1),1);
insert into Transaction(Trans_id, Date_time,Total_piecies, Total_amount, Payment_method, Card, Store_id) values (76, '2020-04-02 14:56:32',0, 0, 'Credit Card', 2,4);
insert into TransactionContainsProduct(Trans_id, Barcode, Piecies) values(76, (select Barcode from Products order by rand() limit 1),1);
insert into TransactionContainsProduct(Trans_id, Barcode, Piecies) values(76, (select Barcode from Products order by rand() limit 1),1);
insert into TransactionContainsProduct(Trans_id, Barcode, Piecies) values(76, (select Barcode from Products order by rand() limit 1),1);
insert into TransactionContainsProduct(Trans_id, Barcode, Piecies) values(76, (select Barcode from Products order by rand() limit 1),1);
insert into TransactionContainsProduct(Trans_id, Barcode, Piecies) values(76, (select Barcode from Products order by rand() limit 1),1);
insert into Transaction(Trans_id, Date_time,Total_piecies, Total_amount, Payment_method, Card, Store_id) values (77, '2020-04-08 13:20:39',0, 0, 'Credit Card', 2,1);
insert into TransactionContainsProduct(Trans_id, Barcode, Piecies) values(77, (select Barcode from Products order by rand() limit 1),1);
insert into TransactionContainsProduct(Trans_id, Barcode, Piecies) values(77, (select Barcode from Products order by rand() limit 1),1);
insert into TransactionContainsProduct(Trans_id, Barcode, Piecies) values(77, (select Barcode from Products order by rand() limit 1),1);
insert into TransactionContainsProduct(Trans_id, Barcode, Piecies) values(77, (select Barcode from Products order by rand() limit 1),1);
insert into TransactionContainsProduct(Trans_id, Barcode, Piecies) values(77, (select Barcode from Products order by rand() limit 1),1);
insert into Transaction(Trans_id, Date_time,Total_piecies, Total_amount, Payment_method, Card, Store_id) values (78, '2020-04-02 18:53:38',0, 0, 'Credit Card', 2,2);
insert into TransactionContainsProduct(Trans_id, Barcode, Piecies) values(78, (select Barcode from Products order by rand() limit 1),1);
insert into TransactionContainsProduct(Trans_id, Barcode, Piecies) values(78, (select Barcode from Products order by rand() limit 1),1);
insert into TransactionContainsProduct(Trans_id, Barcode, Piecies) values(78, (select Barcode from Products order by rand() limit 1),1);
insert into TransactionContainsProduct(Trans_id, Barcode, Piecies) values(78, (select Barcode from Products order by rand() limit 1),1);
insert into TransactionContainsProduct(Trans_id, Barcode, Piecies) values(78, (select Barcode from Products order by rand() limit 1),1);
insert into Transaction(Trans_id, Date_time,Total_piecies, Total_amount, Payment_method, Card, Store_id) values (79, '2020-04-17 11:26:12',0, 0, 'Cash', 2,3);
insert into TransactionContainsProduct(Trans_id, Barcode, Piecies) values(79, (select Barcode from Products order by rand() limit 1),2);
insert into TransactionContainsProduct(Trans_id, Barcode, Piecies) values(79, (select Barcode from Products order by rand() limit 1),1);
insert into TransactionContainsProduct(Trans_id, Barcode, Piecies) values(79, (select Barcode from Products order by rand() limit 1),1);
insert into TransactionContainsProduct(Trans_id, Barcode, Piecies) values(79, (select Barcode from Products order by rand() limit 1),1);
insert into TransactionContainsProduct(Trans_id, Barcode, Piecies) values(79, (select Barcode from Products order by rand() limit 1),1);
insert into Transaction(Trans_id, Date_time,Total_piecies, Total_amount, Payment_method, Card, Store_id) values (80, '2020-04-16 15:30:08',0, 0, 'Credit Card', 2,4);
insert into TransactionContainsProduct(Trans_id, Barcode, Piecies) values(80, (select Barcode from Products order by rand() limit 1),2);
insert into TransactionContainsProduct(Trans_id, Barcode, Piecies) values(80, (select Barcode from Products order by rand() limit 1),1);
insert into TransactionContainsProduct(Trans_id, Barcode, Piecies) values(80, (select Barcode from Products order by rand() limit 1),1);
insert into TransactionContainsProduct(Trans_id, Barcode, Piecies) values(80, (select Barcode from Products order by rand() limit 1),1);
insert into TransactionContainsProduct(Trans_id, Barcode, Piecies) values(80, (select Barcode from Products order by rand() limit 1),1);
insert into Transaction(Trans_id, Date_time,Total_piecies, Total_amount, Payment_method, Card, Store_id) values (81, '2020-01-06 11:58:23',0, 0, 'Credit Card', 3,8);
insert into TransactionContainsProduct(Trans_id, Barcode, Piecies) values(81, (select Barcode from Products order by rand() limit 1),1);
insert into TransactionContainsProduct(Trans_id, Barcode, Piecies) values(81, (select Barcode from Products order by rand() limit 1),1);
insert into TransactionContainsProduct(Trans_id, Barcode, Piecies) values(81, (select Barcode from Products order by rand() limit 1),1);
insert into TransactionContainsProduct(Trans_id, Barcode, Piecies) values(81, (select Barcode from Products order by rand() limit 1),1);
insert into TransactionContainsProduct(Trans_id, Barcode, Piecies) values(81, (select Barcode from Products order by rand() limit 1),1);
insert into Transaction(Trans_id, Date_time,Total_piecies, Total_amount, Payment_method, Card, Store_id) values (82, '2020-01-06 12:47:30',0, 0, 'Cash', 3,9);
insert into TransactionContainsProduct(Trans_id, Barcode, Piecies) values(82, (select Barcode from Products order by rand() limit 1),1);
insert into TransactionContainsProduct(Trans_id, Barcode, Piecies) values(82, (select Barcode from Products order by rand() limit 1),1);
insert into TransactionContainsProduct(Trans_id, Barcode, Piecies) values(82, (select Barcode from Products order by rand() limit 1),2);
insert into TransactionContainsProduct(Trans_id, Barcode, Piecies) values(82, (select Barcode from Products order by rand() limit 1),1);
insert into TransactionContainsProduct(Trans_id, Barcode, Piecies) values(82, (select Barcode from Products order by rand() limit 1),1);
insert into Transaction(Trans_id, Date_time,Total_piecies, Total_amount, Payment_method, Card, Store_id) values (83, '2020-01-11 19:02:22',0, 0, 'Credit Card', 3,10);
insert into TransactionContainsProduct(Trans_id, Barcode, Piecies) values(83, (select Barcode from Products order by rand() limit 1),2);
insert into TransactionContainsProduct(Trans_id, Barcode, Piecies) values(83, (select Barcode from Products order by rand() limit 1),4);
insert into TransactionContainsProduct(Trans_id, Barcode, Piecies) values(83, (select Barcode from Products order by rand() limit 1),1);
insert into TransactionContainsProduct(Trans_id, Barcode, Piecies) values(83, (select Barcode from Products order by rand() limit 1),1);
insert into TransactionContainsProduct(Trans_id, Barcode, Piecies) values(83, (select Barcode from Products order by rand() limit 1),2);
insert into Transaction(Trans_id, Date_time,Total_piecies, Total_amount, Payment_method, Card, Store_id) values (84, '2020-01-05 16:59:27',0, 0, 'Credit Card', 3,8);
insert into TransactionContainsProduct(Trans_id, Barcode, Piecies) values(84, (select Barcode from Products order by rand() limit 1),1);
insert into TransactionContainsProduct(Trans_id, Barcode, Piecies) values(84, (select Barcode from Products order by rand() limit 1),2);
insert into TransactionContainsProduct(Trans_id, Barcode, Piecies) values(84, (select Barcode from Products order by rand() limit 1),1);
insert into TransactionContainsProduct(Trans_id, Barcode, Piecies) values(84, (select Barcode from Products order by rand() limit 1),4);
insert into TransactionContainsProduct(Trans_id, Barcode, Piecies) values(84, (select Barcode from Products order by rand() limit 1),1);
insert into Transaction(Trans_id, Date_time,Total_piecies, Total_amount, Payment_method, Card, Store_id) values (85, '2020-01-01 16:29:21',0, 0, 'Cash', 3,9);
insert into TransactionContainsProduct(Trans_id, Barcode, Piecies) values(85, (select Barcode from Products order by rand() limit 1),1);
insert into TransactionContainsProduct(Trans_id, Barcode, Piecies) values(85, (select Barcode from Products order by rand() limit 1),2);
insert into TransactionContainsProduct(Trans_id, Barcode, Piecies) values(85, (select Barcode from Products order by rand() limit 1),1);
insert into TransactionContainsProduct(Trans_id, Barcode, Piecies) values(85, (select Barcode from Products order by rand() limit 1),1);
insert into TransactionContainsProduct(Trans_id, Barcode, Piecies) values(85, (select Barcode from Products order by rand() limit 1),1);
insert into Transaction(Trans_id, Date_time,Total_piecies, Total_amount, Payment_method, Card, Store_id) values (86, '2020-01-19 10:28:23',0, 0, 'Credit Card', 3,10);
insert into TransactionContainsProduct(Trans_id, Barcode, Piecies) values(86, (select Barcode from Products order by rand() limit 1),1);
insert into TransactionContainsProduct(Trans_id, Barcode, Piecies) values(86, (select Barcode from Products order by rand() limit 1),1);
insert into TransactionContainsProduct(Trans_id, Barcode, Piecies) values(86, (select Barcode from Products order by rand() limit 1),1);
insert into TransactionContainsProduct(Trans_id, Barcode, Piecies) values(86, (select Barcode from Products order by rand() limit 1),1);
insert into TransactionContainsProduct(Trans_id, Barcode, Piecies) values(86, (select Barcode from Products order by rand() limit 1),1);
insert into Transaction(Trans_id, Date_time,Total_piecies, Total_amount, Payment_method, Card, Store_id) values (87, '2020-01-10 13:04:16',0, 0, 'Credit Card', 3,8);
insert into TransactionContainsProduct(Trans_id, Barcode, Piecies) values(87, (select Barcode from Products order by rand() limit 1),1);
insert into TransactionContainsProduct(Trans_id, Barcode, Piecies) values(87, (select Barcode from Products order by rand() limit 1),2);
insert into TransactionContainsProduct(Trans_id, Barcode, Piecies) values(87, (select Barcode from Products order by rand() limit 1),1);
insert into TransactionContainsProduct(Trans_id, Barcode, Piecies) values(87, (select Barcode from Products order by rand() limit 1),2);
insert into TransactionContainsProduct(Trans_id, Barcode, Piecies) values(87, (select Barcode from Products order by rand() limit 1),2);
insert into Transaction(Trans_id, Date_time,Total_piecies, Total_amount, Payment_method, Card, Store_id) values (88, '2020-01-18 12:28:56',0, 0, 'Cash', 3,9);
insert into TransactionContainsProduct(Trans_id, Barcode, Piecies) values(88, (select Barcode from Products order by rand() limit 1),3);
insert into TransactionContainsProduct(Trans_id, Barcode, Piecies) values(88, (select Barcode from Products order by rand() limit 1),3);
insert into TransactionContainsProduct(Trans_id, Barcode, Piecies) values(88, (select Barcode from Products order by rand() limit 1),3);
insert into TransactionContainsProduct(Trans_id, Barcode, Piecies) values(88, (select Barcode from Products order by rand() limit 1),2);
insert into TransactionContainsProduct(Trans_id, Barcode, Piecies) values(88, (select Barcode from Products order by rand() limit 1),1);
insert into Transaction(Trans_id, Date_time,Total_piecies, Total_amount, Payment_method, Card, Store_id) values (89, '2020-01-18 12:28:56',0, 0, 'Credit Card', 3,10);
insert into TransactionContainsProduct(Trans_id, Barcode, Piecies) values(89, (select Barcode from Products order by rand() limit 1),1);
insert into TransactionContainsProduct(Trans_id, Barcode, Piecies) values(89, (select Barcode from Products order by rand() limit 1),2);
insert into TransactionContainsProduct(Trans_id, Barcode, Piecies) values(89, (select Barcode from Products order by rand() limit 1),1);
insert into TransactionContainsProduct(Trans_id, Barcode, Piecies) values(89, (select Barcode from Products order by rand() limit 1),1);
insert into TransactionContainsProduct(Trans_id, Barcode, Piecies) values(89, (select Barcode from Products order by rand() limit 1),2);
insert into Transaction(Trans_id, Date_time,Total_piecies, Total_amount, Payment_method, Card, Store_id) values (90, '2020-01-26 12:12:46',0, 0, 'Cash', 3,8);
insert into TransactionContainsProduct(Trans_id, Barcode, Piecies) values(90, (select Barcode from Products order by rand() limit 1),1);
insert into TransactionContainsProduct(Trans_id, Barcode, Piecies) values(90, (select Barcode from Products order by rand() limit 1),2);
insert into TransactionContainsProduct(Trans_id, Barcode, Piecies) values(90, (select Barcode from Products order by rand() limit 1),1);
insert into TransactionContainsProduct(Trans_id, Barcode, Piecies) values(90, (select Barcode from Products order by rand() limit 1),1);
insert into TransactionContainsProduct(Trans_id, Barcode, Piecies) values(90, (select Barcode from Products order by rand() limit 1),2);
insert into Transaction(Trans_id, Date_time,Total_piecies, Total_amount, Payment_method, Card, Store_id) values (91, '2020-02-20 15:06:26',0, 0, 'Credit Card', 3,9);
insert into TransactionContainsProduct(Trans_id, Barcode, Piecies) values(91, (select Barcode from Products order by rand() limit 1),2);
insert into TransactionContainsProduct(Trans_id, Barcode, Piecies) values(91, (select Barcode from Products order by rand() limit 1),2);
insert into TransactionContainsProduct(Trans_id, Barcode, Piecies) values(91, (select Barcode from Products order by rand() limit 1),1);
insert into TransactionContainsProduct(Trans_id, Barcode, Piecies) values(91, (select Barcode from Products order by rand() limit 1),1);
insert into TransactionContainsProduct(Trans_id, Barcode, Piecies) values(91, (select Barcode from Products order by rand() limit 1),1);
insert into Transaction(Trans_id, Date_time,Total_piecies, Total_amount, Payment_method, Card, Store_id) values (92, '2020-02-09 14:41:58',0, 0, 'Credit Card', 3,10);
insert into TransactionContainsProduct(Trans_id, Barcode, Piecies) values(92, (select Barcode from Products order by rand() limit 1),1);
insert into TransactionContainsProduct(Trans_id, Barcode, Piecies) values(92, (select Barcode from Products order by rand() limit 1),1);
insert into TransactionContainsProduct(Trans_id, Barcode, Piecies) values(92, (select Barcode from Products order by rand() limit 1),1);
insert into TransactionContainsProduct(Trans_id, Barcode, Piecies) values(92, (select Barcode from Products order by rand() limit 1),1);
insert into TransactionContainsProduct(Trans_id, Barcode, Piecies) values(92, (select Barcode from Products order by rand() limit 1),1);
insert into Transaction(Trans_id, Date_time,Total_piecies, Total_amount, Payment_method, Card, Store_id) values (93, '2020-02-17 16:42:27',0, 0, 'Cash', 3,8);
insert into TransactionContainsProduct(Trans_id, Barcode, Piecies) values(93, (select Barcode from Products order by rand() limit 1),1);
insert into TransactionContainsProduct(Trans_id, Barcode, Piecies) values(93, (select Barcode from Products order by rand() limit 1),1);
insert into TransactionContainsProduct(Trans_id, Barcode, Piecies) values(93, (select Barcode from Products order by rand() limit 1),1);
insert into TransactionContainsProduct(Trans_id, Barcode, Piecies) values(93, (select Barcode from Products order by rand() limit 1),2);
insert into TransactionContainsProduct(Trans_id, Barcode, Piecies) values(93, (select Barcode from Products order by rand() limit 1),1);
insert into Transaction(Trans_id, Date_time,Total_piecies, Total_amount, Payment_method, Card, Store_id) values (94, '2020-02-19 19:11:32',0, 0, 'Cash', 3,9);
insert into TransactionContainsProduct(Trans_id, Barcode, Piecies) values(94, (select Barcode from Products order by rand() limit 1),1);
insert into TransactionContainsProduct(Trans_id, Barcode, Piecies) values(94, (select Barcode from Products order by rand() limit 1),1);
insert into TransactionContainsProduct(Trans_id, Barcode, Piecies) values(94, (select Barcode from Products order by rand() limit 1),1);
insert into TransactionContainsProduct(Trans_id, Barcode, Piecies) values(94, (select Barcode from Products order by rand() limit 1),1);
insert into TransactionContainsProduct(Trans_id, Barcode, Piecies) values(94, (select Barcode from Products order by rand() limit 1),1);
insert into Transaction(Trans_id, Date_time,Total_piecies, Total_amount, Payment_method, Card, Store_id) values (95, '2020-02-14 12:33:10',0, 0, 'Cash', 3,10);
insert into TransactionContainsProduct(Trans_id, Barcode, Piecies) values(95, (select Barcode from Products order by rand() limit 1),1);
insert into TransactionContainsProduct(Trans_id, Barcode, Piecies) values(95, (select Barcode from Products order by rand() limit 1),1);
insert into TransactionContainsProduct(Trans_id, Barcode, Piecies) values(95, (select Barcode from Products order by rand() limit 1),1);
insert into TransactionContainsProduct(Trans_id, Barcode, Piecies) values(95, (select Barcode from Products order by rand() limit 1),2);
insert into TransactionContainsProduct(Trans_id, Barcode, Piecies) values(95, (select Barcode from Products order by rand() limit 1),1);
insert into Transaction(Trans_id, Date_time,Total_piecies, Total_amount, Payment_method, Card, Store_id) values (96, '2020-02-25 12:55:27',0, 0, 'Cash', 3,8);
insert into TransactionContainsProduct(Trans_id, Barcode, Piecies) values(96, (select Barcode from Products order by rand() limit 1),1);
insert into TransactionContainsProduct(Trans_id, Barcode, Piecies) values(96, (select Barcode from Products order by rand() limit 1),1);
insert into TransactionContainsProduct(Trans_id, Barcode, Piecies) values(96, (select Barcode from Products order by rand() limit 1),2);
insert into TransactionContainsProduct(Trans_id, Barcode, Piecies) values(96, (select Barcode from Products order by rand() limit 1),1);
insert into TransactionContainsProduct(Trans_id, Barcode, Piecies) values(96, (select Barcode from Products order by rand() limit 1),1);
insert into Transaction(Trans_id, Date_time,Total_piecies, Total_amount, Payment_method, Card, Store_id) values (97, '2020-02-05 18:02:18',0, 0, 'Credit Card', 3,9);
insert into TransactionContainsProduct(Trans_id, Barcode, Piecies) values(97, (select Barcode from Products order by rand() limit 1),1);
insert into TransactionContainsProduct(Trans_id, Barcode, Piecies) values(97, (select Barcode from Products order by rand() limit 1),1);
insert into TransactionContainsProduct(Trans_id, Barcode, Piecies) values(97, (select Barcode from Products order by rand() limit 1),1);
insert into TransactionContainsProduct(Trans_id, Barcode, Piecies) values(97, (select Barcode from Products order by rand() limit 1),4);
insert into TransactionContainsProduct(Trans_id, Barcode, Piecies) values(97, (select Barcode from Products order by rand() limit 1),1);
insert into Transaction(Trans_id, Date_time,Total_piecies, Total_amount, Payment_method, Card, Store_id) values (98, '2020-02-26 15:18:20',0, 0, 'Credit Card', 3,10);
insert into TransactionContainsProduct(Trans_id, Barcode, Piecies) values(98, (select Barcode from Products order by rand() limit 1),1);
insert into TransactionContainsProduct(Trans_id, Barcode, Piecies) values(98, (select Barcode from Products order by rand() limit 1),1);
insert into TransactionContainsProduct(Trans_id, Barcode, Piecies) values(98, (select Barcode from Products order by rand() limit 1),1);
insert into TransactionContainsProduct(Trans_id, Barcode, Piecies) values(98, (select Barcode from Products order by rand() limit 1),1);
insert into TransactionContainsProduct(Trans_id, Barcode, Piecies) values(98, (select Barcode from Products order by rand() limit 1),1);
insert into Transaction(Trans_id, Date_time,Total_piecies, Total_amount, Payment_method, Card, Store_id) values (99, '2020-02-04 13:24:44',0, 0, 'Cash', 3,8);
insert into TransactionContainsProduct(Trans_id, Barcode, Piecies) values(99, (select Barcode from Products order by rand() limit 1),1);
insert into TransactionContainsProduct(Trans_id, Barcode, Piecies) values(99, (select Barcode from Products order by rand() limit 1),1);
insert into TransactionContainsProduct(Trans_id, Barcode, Piecies) values(99, (select Barcode from Products order by rand() limit 1),1);
insert into TransactionContainsProduct(Trans_id, Barcode, Piecies) values(99, (select Barcode from Products order by rand() limit 1),2);
insert into TransactionContainsProduct(Trans_id, Barcode, Piecies) values(99, (select Barcode from Products order by rand() limit 1),1);
insert into Transaction(Trans_id, Date_time,Total_piecies, Total_amount, Payment_method, Card, Store_id) values (100, '2020-02-22 11:29:16',0, 0, 'Credit Card', 3,9);
insert into TransactionContainsProduct(Trans_id, Barcode, Piecies) values(100, (select Barcode from Products order by rand() limit 1),1);
insert into TransactionContainsProduct(Trans_id, Barcode, Piecies) values(100, (select Barcode from Products order by rand() limit 1),2);
insert into TransactionContainsProduct(Trans_id, Barcode, Piecies) values(100, (select Barcode from Products order by rand() limit 1),1);
insert into TransactionContainsProduct(Trans_id, Barcode, Piecies) values(100, (select Barcode from Products order by rand() limit 1),1);
insert into TransactionContainsProduct(Trans_id, Barcode, Piecies) values(100, (select Barcode from Products order by rand() limit 1),1);
insert into Transaction(Trans_id, Date_time,Total_piecies, Total_amount, Payment_method, Card, Store_id) values (101, '2020-03-24 15:07:23',0, 0, 'Credit Card', 3,10);
insert into TransactionContainsProduct(Trans_id, Barcode, Piecies) values(101, (select Barcode from Products order by rand() limit 1),1);
insert into TransactionContainsProduct(Trans_id, Barcode, Piecies) values(101, (select Barcode from Products order by rand() limit 1),1);
insert into TransactionContainsProduct(Trans_id, Barcode, Piecies) values(101, (select Barcode from Products order by rand() limit 1),1);
insert into TransactionContainsProduct(Trans_id, Barcode, Piecies) values(101, (select Barcode from Products order by rand() limit 1),1);
insert into TransactionContainsProduct(Trans_id, Barcode, Piecies) values(101, (select Barcode from Products order by rand() limit 1),1);
insert into Transaction(Trans_id, Date_time,Total_piecies, Total_amount, Payment_method, Card, Store_id) values (102, '2020-03-31 18:53:51',0, 0, 'Cash', 3,8);
insert into TransactionContainsProduct(Trans_id, Barcode, Piecies) values(102, (select Barcode from Products order by rand() limit 1),1);
insert into TransactionContainsProduct(Trans_id, Barcode, Piecies) values(102, (select Barcode from Products order by rand() limit 1),1);
insert into TransactionContainsProduct(Trans_id, Barcode, Piecies) values(102, (select Barcode from Products order by rand() limit 1),1);
insert into TransactionContainsProduct(Trans_id, Barcode, Piecies) values(102, (select Barcode from Products order by rand() limit 1),1);
insert into TransactionContainsProduct(Trans_id, Barcode, Piecies) values(102, (select Barcode from Products order by rand() limit 1),1);
insert into Transaction(Trans_id, Date_time,Total_piecies, Total_amount, Payment_method, Card, Store_id) values (103, '2020-03-03 14:56:34',0, 0, 'Credit Card', 3,9);
insert into TransactionContainsProduct(Trans_id, Barcode, Piecies) values(103, (select Barcode from Products order by rand() limit 1),1);
insert into TransactionContainsProduct(Trans_id, Barcode, Piecies) values(103, (select Barcode from Products order by rand() limit 1),1);
insert into TransactionContainsProduct(Trans_id, Barcode, Piecies) values(103, (select Barcode from Products order by rand() limit 1),2);
insert into TransactionContainsProduct(Trans_id, Barcode, Piecies) values(103, (select Barcode from Products order by rand() limit 1),1);
insert into TransactionContainsProduct(Trans_id, Barcode, Piecies) values(103, (select Barcode from Products order by rand() limit 1),2);
insert into Transaction(Trans_id, Date_time,Total_piecies, Total_amount, Payment_method, Card, Store_id) values (104, '2020-03-29 17:44:01',0, 0, 'Cash', 3,10);
insert into TransactionContainsProduct(Trans_id, Barcode, Piecies) values(104, (select Barcode from Products order by rand() limit 1),1);
insert into TransactionContainsProduct(Trans_id, Barcode, Piecies) values(104, (select Barcode from Products order by rand() limit 1),1);
insert into TransactionContainsProduct(Trans_id, Barcode, Piecies) values(104, (select Barcode from Products order by rand() limit 1),1);
insert into TransactionContainsProduct(Trans_id, Barcode, Piecies) values(104, (select Barcode from Products order by rand() limit 1),1);
insert into TransactionContainsProduct(Trans_id, Barcode, Piecies) values(104, (select Barcode from Products order by rand() limit 1),1);
insert into Transaction(Trans_id, Date_time,Total_piecies, Total_amount, Payment_method, Card, Store_id) values (105, '2020-03-14 09:50:19',0, 0, 'Credit Card', 3,8);
insert into TransactionContainsProduct(Trans_id, Barcode, Piecies) values(105, (select Barcode from Products order by rand() limit 1),1);
insert into TransactionContainsProduct(Trans_id, Barcode, Piecies) values(105, (select Barcode from Products order by rand() limit 1),1);
insert into TransactionContainsProduct(Trans_id, Barcode, Piecies) values(105, (select Barcode from Products order by rand() limit 1),1);
insert into TransactionContainsProduct(Trans_id, Barcode, Piecies) values(105, (select Barcode from Products order by rand() limit 1),1);
insert into TransactionContainsProduct(Trans_id, Barcode, Piecies) values(105, (select Barcode from Products order by rand() limit 1),1);
insert into Transaction(Trans_id, Date_time,Total_piecies, Total_amount, Payment_method, Card, Store_id) values (106, '2020-03-15 14:26:55',0, 0, 'Cash', 3,9);
insert into TransactionContainsProduct(Trans_id, Barcode, Piecies) values(106, (select Barcode from Products order by rand() limit 1),1);
insert into TransactionContainsProduct(Trans_id, Barcode, Piecies) values(106, (select Barcode from Products order by rand() limit 1),1);
insert into TransactionContainsProduct(Trans_id, Barcode, Piecies) values(106, (select Barcode from Products order by rand() limit 1),1);
insert into TransactionContainsProduct(Trans_id, Barcode, Piecies) values(106, (select Barcode from Products order by rand() limit 1),1);
insert into TransactionContainsProduct(Trans_id, Barcode, Piecies) values(106, (select Barcode from Products order by rand() limit 1),1);
insert into Transaction(Trans_id, Date_time,Total_piecies, Total_amount, Payment_method, Card, Store_id) values (107, '2020-03-08 14:28:46',0, 0, 'Credit Card', 3,10);
insert into TransactionContainsProduct(Trans_id, Barcode, Piecies) values(107, (select Barcode from Products order by rand() limit 1),1);
insert into TransactionContainsProduct(Trans_id, Barcode, Piecies) values(107, (select Barcode from Products order by rand() limit 1),1);
insert into TransactionContainsProduct(Trans_id, Barcode, Piecies) values(107, (select Barcode from Products order by rand() limit 1),1);
insert into TransactionContainsProduct(Trans_id, Barcode, Piecies) values(107, (select Barcode from Products order by rand() limit 1),1);
insert into TransactionContainsProduct(Trans_id, Barcode, Piecies) values(107, (select Barcode from Products order by rand() limit 1),1);
insert into Transaction(Trans_id, Date_time,Total_piecies, Total_amount, Payment_method, Card, Store_id) values (108, '2020-03-13 15:09:21',0, 0, 'Cash', 3,8);
insert into TransactionContainsProduct(Trans_id, Barcode, Piecies) values(108, (select Barcode from Products order by rand() limit 1),1);
insert into TransactionContainsProduct(Trans_id, Barcode, Piecies) values(108, (select Barcode from Products order by rand() limit 1),1);
insert into TransactionContainsProduct(Trans_id, Barcode, Piecies) values(108, (select Barcode from Products order by rand() limit 1),1);
insert into TransactionContainsProduct(Trans_id, Barcode, Piecies) values(108, (select Barcode from Products order by rand() limit 1),1);
insert into TransactionContainsProduct(Trans_id, Barcode, Piecies) values(108, (select Barcode from Products order by rand() limit 1),1);
insert into Transaction(Trans_id, Date_time,Total_piecies, Total_amount, Payment_method, Card, Store_id) values (109, '2020-03-10 12:20:27',0, 0, 'Cash', 3,9);
insert into TransactionContainsProduct(Trans_id, Barcode, Piecies) values(109, (select Barcode from Products order by rand() limit 1),1);
insert into TransactionContainsProduct(Trans_id, Barcode, Piecies) values(109, (select Barcode from Products order by rand() limit 1),2);
insert into TransactionContainsProduct(Trans_id, Barcode, Piecies) values(109, (select Barcode from Products order by rand() limit 1),1);
insert into TransactionContainsProduct(Trans_id, Barcode, Piecies) values(109, (select Barcode from Products order by rand() limit 1),1);
insert into TransactionContainsProduct(Trans_id, Barcode, Piecies) values(109, (select Barcode from Products order by rand() limit 1),1);
insert into Transaction(Trans_id, Date_time,Total_piecies, Total_amount, Payment_method, Card, Store_id) values (110, '2020-03-18 14:09:37',0, 0, 'Credit Card', 3,10);
insert into TransactionContainsProduct(Trans_id, Barcode, Piecies) values(110, (select Barcode from Products order by rand() limit 1),1);
insert into TransactionContainsProduct(Trans_id, Barcode, Piecies) values(110, (select Barcode from Products order by rand() limit 1),1);
insert into TransactionContainsProduct(Trans_id, Barcode, Piecies) values(110, (select Barcode from Products order by rand() limit 1),1);
insert into TransactionContainsProduct(Trans_id, Barcode, Piecies) values(110, (select Barcode from Products order by rand() limit 1),1);
insert into TransactionContainsProduct(Trans_id, Barcode, Piecies) values(110, (select Barcode from Products order by rand() limit 1),1);
insert into Transaction(Trans_id, Date_time,Total_piecies, Total_amount, Payment_method, Card, Store_id) values (111, '2020-04-02 14:12:02',0, 0, 'Credit Card', 3,8);
insert into TransactionContainsProduct(Trans_id, Barcode, Piecies) values(111, (select Barcode from Products order by rand() limit 1),2);
insert into TransactionContainsProduct(Trans_id, Barcode, Piecies) values(111, (select Barcode from Products order by rand() limit 1),1);
insert into TransactionContainsProduct(Trans_id, Barcode, Piecies) values(111, (select Barcode from Products order by rand() limit 1),1);
insert into TransactionContainsProduct(Trans_id, Barcode, Piecies) values(111, (select Barcode from Products order by rand() limit 1),1);
insert into TransactionContainsProduct(Trans_id, Barcode, Piecies) values(111, (select Barcode from Products order by rand() limit 1),1);
insert into Transaction(Trans_id, Date_time,Total_piecies, Total_amount, Payment_method, Card, Store_id) values (112, '2020-04-19 15:29:49',0, 0, 'Cash', 3,9);
insert into TransactionContainsProduct(Trans_id, Barcode, Piecies) values(112, (select Barcode from Products order by rand() limit 1),1);
insert into TransactionContainsProduct(Trans_id, Barcode, Piecies) values(112, (select Barcode from Products order by rand() limit 1),1);
insert into TransactionContainsProduct(Trans_id, Barcode, Piecies) values(112, (select Barcode from Products order by rand() limit 1),1);
insert into TransactionContainsProduct(Trans_id, Barcode, Piecies) values(112, (select Barcode from Products order by rand() limit 1),1);
insert into TransactionContainsProduct(Trans_id, Barcode, Piecies) values(112, (select Barcode from Products order by rand() limit 1),1);
insert into Transaction(Trans_id, Date_time,Total_piecies, Total_amount, Payment_method, Card, Store_id) values (113, '2020-04-30 11:52:57',0, 0, 'Credit Card', 3,10);
insert into TransactionContainsProduct(Trans_id, Barcode, Piecies) values(113, (select Barcode from Products order by rand() limit 1),2);
insert into TransactionContainsProduct(Trans_id, Barcode, Piecies) values(113, (select Barcode from Products order by rand() limit 1),1);
insert into TransactionContainsProduct(Trans_id, Barcode, Piecies) values(113, (select Barcode from Products order by rand() limit 1),2);
insert into TransactionContainsProduct(Trans_id, Barcode, Piecies) values(113, (select Barcode from Products order by rand() limit 1),1);
insert into TransactionContainsProduct(Trans_id, Barcode, Piecies) values(113, (select Barcode from Products order by rand() limit 1),1);
insert into Transaction(Trans_id, Date_time,Total_piecies, Total_amount, Payment_method, Card, Store_id) values (114, '2020-04-04 18:57:34',0, 0, 'Cash', 3,8);
insert into TransactionContainsProduct(Trans_id, Barcode, Piecies) values(114, (select Barcode from Products order by rand() limit 1),1);
insert into TransactionContainsProduct(Trans_id, Barcode, Piecies) values(114, (select Barcode from Products order by rand() limit 1),2);
insert into TransactionContainsProduct(Trans_id, Barcode, Piecies) values(114, (select Barcode from Products order by rand() limit 1),1);
insert into TransactionContainsProduct(Trans_id, Barcode, Piecies) values(114, (select Barcode from Products order by rand() limit 1),1);
insert into TransactionContainsProduct(Trans_id, Barcode, Piecies) values(114, (select Barcode from Products order by rand() limit 1),1);
insert into Transaction(Trans_id, Date_time,Total_piecies, Total_amount, Payment_method, Card, Store_id) values (115, '2020-04-17 20:02:03',0, 0, 'Cash', 3,9);
insert into TransactionContainsProduct(Trans_id, Barcode, Piecies) values(115, (select Barcode from Products order by rand() limit 1),1);
insert into TransactionContainsProduct(Trans_id, Barcode, Piecies) values(115, (select Barcode from Products order by rand() limit 1),1);
insert into TransactionContainsProduct(Trans_id, Barcode, Piecies) values(115, (select Barcode from Products order by rand() limit 1),1);
insert into TransactionContainsProduct(Trans_id, Barcode, Piecies) values(115, (select Barcode from Products order by rand() limit 1),1);
insert into TransactionContainsProduct(Trans_id, Barcode, Piecies) values(115, (select Barcode from Products order by rand() limit 1),1);
insert into Transaction(Trans_id, Date_time,Total_piecies, Total_amount, Payment_method, Card, Store_id) values (116, '2020-04-17 20:02:03',0, 0, 'Credit Card', 3,10);
insert into TransactionContainsProduct(Trans_id, Barcode, Piecies) values(116, (select Barcode from Products order by rand() limit 1),1);
insert into TransactionContainsProduct(Trans_id, Barcode, Piecies) values(116, (select Barcode from Products order by rand() limit 1),1);
insert into TransactionContainsProduct(Trans_id, Barcode, Piecies) values(116, (select Barcode from Products order by rand() limit 1),1);
insert into TransactionContainsProduct(Trans_id, Barcode, Piecies) values(116, (select Barcode from Products order by rand() limit 1),1);
insert into TransactionContainsProduct(Trans_id, Barcode, Piecies) values(116, (select Barcode from Products order by rand() limit 1),1);
insert into Transaction(Trans_id, Date_time,Total_piecies, Total_amount, Payment_method, Card, Store_id) values (117, '2020-04-17 16:21:27',0, 0, 'Credit Card', 3,8);
insert into TransactionContainsProduct(Trans_id, Barcode, Piecies) values(117, (select Barcode from Products order by rand() limit 1),1);
insert into TransactionContainsProduct(Trans_id, Barcode, Piecies) values(117, (select Barcode from Products order by rand() limit 1),1);
insert into TransactionContainsProduct(Trans_id, Barcode, Piecies) values(117, (select Barcode from Products order by rand() limit 1),1);
insert into TransactionContainsProduct(Trans_id, Barcode, Piecies) values(117, (select Barcode from Products order by rand() limit 1),1);
insert into TransactionContainsProduct(Trans_id, Barcode, Piecies) values(117, (select Barcode from Products order by rand() limit 1),1);
insert into Transaction(Trans_id, Date_time,Total_piecies, Total_amount, Payment_method, Card, Store_id) values (118, '2020-04-12 13:54:43',0, 0, 'Credit Card', 3,9);
insert into TransactionContainsProduct(Trans_id, Barcode, Piecies) values(118, (select Barcode from Products order by rand() limit 1),1);
insert into TransactionContainsProduct(Trans_id, Barcode, Piecies) values(118, (select Barcode from Products order by rand() limit 1),1);
insert into TransactionContainsProduct(Trans_id, Barcode, Piecies) values(118, (select Barcode from Products order by rand() limit 1),1);
insert into TransactionContainsProduct(Trans_id, Barcode, Piecies) values(118, (select Barcode from Products order by rand() limit 1),1);
insert into TransactionContainsProduct(Trans_id, Barcode, Piecies) values(118, (select Barcode from Products order by rand() limit 1),1);
insert into Transaction(Trans_id, Date_time,Total_piecies, Total_amount, Payment_method, Card, Store_id) values (119, '2020-04-07 15:29:14',0, 0, 'Cash', 3,10);
insert into TransactionContainsProduct(Trans_id, Barcode, Piecies) values(119, (select Barcode from Products order by rand() limit 1),2);
insert into TransactionContainsProduct(Trans_id, Barcode, Piecies) values(119, (select Barcode from Products order by rand() limit 1),1);
insert into TransactionContainsProduct(Trans_id, Barcode, Piecies) values(119, (select Barcode from Products order by rand() limit 1),1);
insert into TransactionContainsProduct(Trans_id, Barcode, Piecies) values(119, (select Barcode from Products order by rand() limit 1),1);
insert into TransactionContainsProduct(Trans_id, Barcode, Piecies) values(119, (select Barcode from Products order by rand() limit 1),1);
insert into Transaction(Trans_id, Date_time,Total_piecies, Total_amount, Payment_method, Card, Store_id) values (120, '2020-04-29 20:42:00',0, 0, 'Credit Card', 3,8);
insert into TransactionContainsProduct(Trans_id, Barcode, Piecies) values(120, (select Barcode from Products order by rand() limit 1),2);
insert into TransactionContainsProduct(Trans_id, Barcode, Piecies) values(120, (select Barcode from Products order by rand() limit 1),1);
insert into TransactionContainsProduct(Trans_id, Barcode, Piecies) values(120, (select Barcode from Products order by rand() limit 1),1);
insert into TransactionContainsProduct(Trans_id, Barcode, Piecies) values(120, (select Barcode from Products order by rand() limit 1),1);
insert into TransactionContainsProduct(Trans_id, Barcode, Piecies) values(120, (select Barcode from Products order by rand() limit 1),1);
insert into Transaction(Trans_id, Date_time,Total_piecies, Total_amount, Payment_method, Card, Store_id) values (121, '2020-01-04 09:40:02',0, 0, 'Credit Card', 4,8);
insert into TransactionContainsProduct(Trans_id, Barcode, Piecies) values(121, (select Barcode from Products order by rand() limit 1),1);
insert into TransactionContainsProduct(Trans_id, Barcode, Piecies) values(121, (select Barcode from Products order by rand() limit 1),1);
insert into TransactionContainsProduct(Trans_id, Barcode, Piecies) values(121, (select Barcode from Products order by rand() limit 1),1);
insert into TransactionContainsProduct(Trans_id, Barcode, Piecies) values(121, (select Barcode from Products order by rand() limit 1),1);
insert into TransactionContainsProduct(Trans_id, Barcode, Piecies) values(121, (select Barcode from Products order by rand() limit 1),1);
insert into Transaction(Trans_id, Date_time,Total_piecies, Total_amount, Payment_method, Card, Store_id) values (122, '2020-01-29 14:41:58',0, 0, 'Cash', 4,9);
insert into TransactionContainsProduct(Trans_id, Barcode, Piecies) values(122, (select Barcode from Products order by rand() limit 1),1);
insert into TransactionContainsProduct(Trans_id, Barcode, Piecies) values(122, (select Barcode from Products order by rand() limit 1),1);
insert into TransactionContainsProduct(Trans_id, Barcode, Piecies) values(122, (select Barcode from Products order by rand() limit 1),2);
insert into TransactionContainsProduct(Trans_id, Barcode, Piecies) values(122, (select Barcode from Products order by rand() limit 1),1);
insert into TransactionContainsProduct(Trans_id, Barcode, Piecies) values(122, (select Barcode from Products order by rand() limit 1),1);
insert into Transaction(Trans_id, Date_time,Total_piecies, Total_amount, Payment_method, Card, Store_id) values (123, '2020-01-15 11:29:38',0, 0, 'Credit Card', 4,10);
insert into TransactionContainsProduct(Trans_id, Barcode, Piecies) values(123, (select Barcode from Products order by rand() limit 1),2);
insert into TransactionContainsProduct(Trans_id, Barcode, Piecies) values(123, (select Barcode from Products order by rand() limit 1),4);
insert into TransactionContainsProduct(Trans_id, Barcode, Piecies) values(123, (select Barcode from Products order by rand() limit 1),1);
insert into TransactionContainsProduct(Trans_id, Barcode, Piecies) values(123, (select Barcode from Products order by rand() limit 1),1);
insert into TransactionContainsProduct(Trans_id, Barcode, Piecies) values(123, (select Barcode from Products order by rand() limit 1),2);
insert into Transaction(Trans_id, Date_time,Total_piecies, Total_amount, Payment_method, Card, Store_id) values (124, '2020-01-16 16:22:20',0, 0, 'Credit Card', 4,8);
insert into TransactionContainsProduct(Trans_id, Barcode, Piecies) values(124, (select Barcode from Products order by rand() limit 1),1);
insert into TransactionContainsProduct(Trans_id, Barcode, Piecies) values(124, (select Barcode from Products order by rand() limit 1),2);
insert into TransactionContainsProduct(Trans_id, Barcode, Piecies) values(124, (select Barcode from Products order by rand() limit 1),1);
insert into TransactionContainsProduct(Trans_id, Barcode, Piecies) values(124, (select Barcode from Products order by rand() limit 1),4);
insert into TransactionContainsProduct(Trans_id, Barcode, Piecies) values(124, (select Barcode from Products order by rand() limit 1),1);
insert into Transaction(Trans_id, Date_time,Total_piecies, Total_amount, Payment_method, Card, Store_id) values (125, '2020-01-06 12:22:46',0, 0, 'Cash', 4,9);
insert into TransactionContainsProduct(Trans_id, Barcode, Piecies) values(125, (select Barcode from Products order by rand() limit 1),1);
insert into TransactionContainsProduct(Trans_id, Barcode, Piecies) values(125, (select Barcode from Products order by rand() limit 1),2);
insert into TransactionContainsProduct(Trans_id, Barcode, Piecies) values(125, (select Barcode from Products order by rand() limit 1),1);
insert into TransactionContainsProduct(Trans_id, Barcode, Piecies) values(125, (select Barcode from Products order by rand() limit 1),1);
insert into TransactionContainsProduct(Trans_id, Barcode, Piecies) values(125, (select Barcode from Products order by rand() limit 1),1);
insert into Transaction(Trans_id, Date_time,Total_piecies, Total_amount, Payment_method, Card, Store_id) values (126, '2020-01-08 13:46:53',0, 0, 'Credit Card', 4,10);
insert into TransactionContainsProduct(Trans_id, Barcode, Piecies) values(126, (select Barcode from Products order by rand() limit 1),1);
insert into TransactionContainsProduct(Trans_id, Barcode, Piecies) values(126, (select Barcode from Products order by rand() limit 1),1);
insert into TransactionContainsProduct(Trans_id, Barcode, Piecies) values(126, (select Barcode from Products order by rand() limit 1),1);
insert into TransactionContainsProduct(Trans_id, Barcode, Piecies) values(126, (select Barcode from Products order by rand() limit 1),1);
insert into TransactionContainsProduct(Trans_id, Barcode, Piecies) values(126, (select Barcode from Products order by rand() limit 1),1);
insert into Transaction(Trans_id, Date_time,Total_piecies, Total_amount, Payment_method, Card, Store_id) values (127, '2020-01-19 12:10:07',0, 0, 'Credit Card', 4,8);
insert into TransactionContainsProduct(Trans_id, Barcode, Piecies) values(127, (select Barcode from Products order by rand() limit 1),1);
insert into TransactionContainsProduct(Trans_id, Barcode, Piecies) values(127, (select Barcode from Products order by rand() limit 1),2);
insert into TransactionContainsProduct(Trans_id, Barcode, Piecies) values(127, (select Barcode from Products order by rand() limit 1),1);
insert into TransactionContainsProduct(Trans_id, Barcode, Piecies) values(127, (select Barcode from Products order by rand() limit 1),2);
insert into TransactionContainsProduct(Trans_id, Barcode, Piecies) values(127, (select Barcode from Products order by rand() limit 1),2);
insert into Transaction(Trans_id, Date_time,Total_piecies, Total_amount, Payment_method, Card, Store_id) values (128, '2020-01-06 11:21:34',0, 0, 'Cash', 4,9);
insert into TransactionContainsProduct(Trans_id, Barcode, Piecies) values(128, (select Barcode from Products order by rand() limit 1),3);
insert into TransactionContainsProduct(Trans_id, Barcode, Piecies) values(128, (select Barcode from Products order by rand() limit 1),3);
insert into TransactionContainsProduct(Trans_id, Barcode, Piecies) values(128, (select Barcode from Products order by rand() limit 1),3);
insert into TransactionContainsProduct(Trans_id, Barcode, Piecies) values(128, (select Barcode from Products order by rand() limit 1),2);
insert into TransactionContainsProduct(Trans_id, Barcode, Piecies) values(128, (select Barcode from Products order by rand() limit 1),1);
insert into Transaction(Trans_id, Date_time,Total_piecies, Total_amount, Payment_method, Card, Store_id) values (129, '2020-01-18 13:23:07',0, 0, 'Credit Card', 4,10);
insert into TransactionContainsProduct(Trans_id, Barcode, Piecies) values(129, (select Barcode from Products order by rand() limit 1),1);
insert into TransactionContainsProduct(Trans_id, Barcode, Piecies) values(129, (select Barcode from Products order by rand() limit 1),2);
insert into TransactionContainsProduct(Trans_id, Barcode, Piecies) values(129, (select Barcode from Products order by rand() limit 1),1);
insert into TransactionContainsProduct(Trans_id, Barcode, Piecies) values(129, (select Barcode from Products order by rand() limit 1),1);
insert into TransactionContainsProduct(Trans_id, Barcode, Piecies) values(129, (select Barcode from Products order by rand() limit 1),2);
insert into Transaction(Trans_id, Date_time,Total_piecies, Total_amount, Payment_method, Card, Store_id) values (130, '2020-01-26 12:02:54',0, 0, 'Cash', 4,8);
insert into TransactionContainsProduct(Trans_id, Barcode, Piecies) values(130, (select Barcode from Products order by rand() limit 1),1);
insert into TransactionContainsProduct(Trans_id, Barcode, Piecies) values(130, (select Barcode from Products order by rand() limit 1),2);
insert into TransactionContainsProduct(Trans_id, Barcode, Piecies) values(130, (select Barcode from Products order by rand() limit 1),1);
insert into TransactionContainsProduct(Trans_id, Barcode, Piecies) values(130, (select Barcode from Products order by rand() limit 1),1);
insert into TransactionContainsProduct(Trans_id, Barcode, Piecies) values(130, (select Barcode from Products order by rand() limit 1),2);
insert into Transaction(Trans_id, Date_time,Total_piecies, Total_amount, Payment_method, Card, Store_id) values (131, '2020-02-11 12:00:14',0, 0, 'Credit Card', 4,9);
insert into TransactionContainsProduct(Trans_id, Barcode, Piecies) values(131, (select Barcode from Products order by rand() limit 1),2);
insert into TransactionContainsProduct(Trans_id, Barcode, Piecies) values(131, (select Barcode from Products order by rand() limit 1),2);
insert into TransactionContainsProduct(Trans_id, Barcode, Piecies) values(131, (select Barcode from Products order by rand() limit 1),1);
insert into TransactionContainsProduct(Trans_id, Barcode, Piecies) values(131, (select Barcode from Products order by rand() limit 1),1);
insert into TransactionContainsProduct(Trans_id, Barcode, Piecies) values(131, (select Barcode from Products order by rand() limit 1),1);
insert into Transaction(Trans_id, Date_time,Total_piecies, Total_amount, Payment_method, Card, Store_id) values (132, '2020-02-17 13:46:15',0, 0, 'Credit Card', 4,10);
insert into TransactionContainsProduct(Trans_id, Barcode, Piecies) values(132, (select Barcode from Products order by rand() limit 1),1);
insert into TransactionContainsProduct(Trans_id, Barcode, Piecies) values(132, (select Barcode from Products order by rand() limit 1),1);
insert into TransactionContainsProduct(Trans_id, Barcode, Piecies) values(132, (select Barcode from Products order by rand() limit 1),1);
insert into TransactionContainsProduct(Trans_id, Barcode, Piecies) values(132, (select Barcode from Products order by rand() limit 1),1);
insert into TransactionContainsProduct(Trans_id, Barcode, Piecies) values(132, (select Barcode from Products order by rand() limit 1),1);
insert into Transaction(Trans_id, Date_time,Total_piecies, Total_amount, Payment_method, Card, Store_id) values (133, '2020-02-10 10:11:02',0, 0, 'Cash', 4,8);
insert into TransactionContainsProduct(Trans_id, Barcode, Piecies) values(133, (select Barcode from Products order by rand() limit 1),1);
insert into TransactionContainsProduct(Trans_id, Barcode, Piecies) values(133, (select Barcode from Products order by rand() limit 1),1);
insert into TransactionContainsProduct(Trans_id, Barcode, Piecies) values(133, (select Barcode from Products order by rand() limit 1),1);
insert into TransactionContainsProduct(Trans_id, Barcode, Piecies) values(133, (select Barcode from Products order by rand() limit 1),2);
insert into TransactionContainsProduct(Trans_id, Barcode, Piecies) values(133, (select Barcode from Products order by rand() limit 1),1);
insert into Transaction(Trans_id, Date_time,Total_piecies, Total_amount, Payment_method, Card, Store_id) values (134, '2020-02-25 12:36:30',0, 0, 'Cash', 4,9);
insert into TransactionContainsProduct(Trans_id, Barcode, Piecies) values(134, (select Barcode from Products order by rand() limit 1),1);
insert into TransactionContainsProduct(Trans_id, Barcode, Piecies) values(134, (select Barcode from Products order by rand() limit 1),1);
insert into TransactionContainsProduct(Trans_id, Barcode, Piecies) values(134, (select Barcode from Products order by rand() limit 1),1);
insert into TransactionContainsProduct(Trans_id, Barcode, Piecies) values(134, (select Barcode from Products order by rand() limit 1),1);
insert into TransactionContainsProduct(Trans_id, Barcode, Piecies) values(134, (select Barcode from Products order by rand() limit 1),1);
insert into Transaction(Trans_id, Date_time,Total_piecies, Total_amount, Payment_method, Card, Store_id) values (135, '2020-02-12 11:29:20',0, 0, 'Cash', 4,10);
insert into TransactionContainsProduct(Trans_id, Barcode, Piecies) values(135, (select Barcode from Products order by rand() limit 1),1);
insert into TransactionContainsProduct(Trans_id, Barcode, Piecies) values(135, (select Barcode from Products order by rand() limit 1),1);
insert into TransactionContainsProduct(Trans_id, Barcode, Piecies) values(135, (select Barcode from Products order by rand() limit 1),1);
insert into TransactionContainsProduct(Trans_id, Barcode, Piecies) values(135, (select Barcode from Products order by rand() limit 1),2);
insert into TransactionContainsProduct(Trans_id, Barcode, Piecies) values(135, (select Barcode from Products order by rand() limit 1),1);
insert into Transaction(Trans_id, Date_time,Total_piecies, Total_amount, Payment_method, Card, Store_id) values (136, '2020-02-06 12:13:39',0, 0, 'Cash', 4,8);
insert into TransactionContainsProduct(Trans_id, Barcode, Piecies) values(136, (select Barcode from Products order by rand() limit 1),1);
insert into TransactionContainsProduct(Trans_id, Barcode, Piecies) values(136, (select Barcode from Products order by rand() limit 1),1);
insert into TransactionContainsProduct(Trans_id, Barcode, Piecies) values(136, (select Barcode from Products order by rand() limit 1),2);
insert into TransactionContainsProduct(Trans_id, Barcode, Piecies) values(136, (select Barcode from Products order by rand() limit 1),1);
insert into TransactionContainsProduct(Trans_id, Barcode, Piecies) values(136, (select Barcode from Products order by rand() limit 1),1);
insert into Transaction(Trans_id, Date_time,Total_piecies, Total_amount, Payment_method, Card, Store_id) values (137, '2020-02-24 17:10:02',0, 0, 'Credit Card', 4,9);
insert into TransactionContainsProduct(Trans_id, Barcode, Piecies) values(137, (select Barcode from Products order by rand() limit 1),1);
insert into TransactionContainsProduct(Trans_id, Barcode, Piecies) values(137, (select Barcode from Products order by rand() limit 1),1);
insert into TransactionContainsProduct(Trans_id, Barcode, Piecies) values(137, (select Barcode from Products order by rand() limit 1),1);
insert into TransactionContainsProduct(Trans_id, Barcode, Piecies) values(137, (select Barcode from Products order by rand() limit 1),4);
insert into TransactionContainsProduct(Trans_id, Barcode, Piecies) values(137, (select Barcode from Products order by rand() limit 1),1);
insert into Transaction(Trans_id, Date_time,Total_piecies, Total_amount, Payment_method, Card, Store_id) values (138, '2020-02-12 20:55:57',0, 0, 'Credit Card', 4,10);
insert into TransactionContainsProduct(Trans_id, Barcode, Piecies) values(138, (select Barcode from Products order by rand() limit 1),1);
insert into TransactionContainsProduct(Trans_id, Barcode, Piecies) values(138, (select Barcode from Products order by rand() limit 1),1);
insert into TransactionContainsProduct(Trans_id, Barcode, Piecies) values(138, (select Barcode from Products order by rand() limit 1),1);
insert into TransactionContainsProduct(Trans_id, Barcode, Piecies) values(138, (select Barcode from Products order by rand() limit 1),1);
insert into TransactionContainsProduct(Trans_id, Barcode, Piecies) values(138, (select Barcode from Products order by rand() limit 1),1);
insert into Transaction(Trans_id, Date_time,Total_piecies, Total_amount, Payment_method, Card, Store_id) values (139, '2020-02-26 17:01:36',0, 0, 'Cash', 4,8);
insert into TransactionContainsProduct(Trans_id, Barcode, Piecies) values(139, (select Barcode from Products order by rand() limit 1),1);
insert into TransactionContainsProduct(Trans_id, Barcode, Piecies) values(139, (select Barcode from Products order by rand() limit 1),1);
insert into TransactionContainsProduct(Trans_id, Barcode, Piecies) values(139, (select Barcode from Products order by rand() limit 1),1);
insert into TransactionContainsProduct(Trans_id, Barcode, Piecies) values(139, (select Barcode from Products order by rand() limit 1),2);
insert into TransactionContainsProduct(Trans_id, Barcode, Piecies) values(139, (select Barcode from Products order by rand() limit 1),1);
insert into Transaction(Trans_id, Date_time,Total_piecies, Total_amount, Payment_method, Card, Store_id) values (140, '2020-02-18 19:03:58',0, 0, 'Credit Card', 4,9);
insert into TransactionContainsProduct(Trans_id, Barcode, Piecies) values(140, (select Barcode from Products order by rand() limit 1),1);
insert into TransactionContainsProduct(Trans_id, Barcode, Piecies) values(140, (select Barcode from Products order by rand() limit 1),2);
insert into TransactionContainsProduct(Trans_id, Barcode, Piecies) values(140, (select Barcode from Products order by rand() limit 1),1);
insert into TransactionContainsProduct(Trans_id, Barcode, Piecies) values(140, (select Barcode from Products order by rand() limit 1),1);
insert into TransactionContainsProduct(Trans_id, Barcode, Piecies) values(140, (select Barcode from Products order by rand() limit 1),1);
insert into Transaction(Trans_id, Date_time,Total_piecies, Total_amount, Payment_method, Card, Store_id) values (141, '2020-03-02 12:58:40',0, 0, 'Credit Card', 4,10);
insert into TransactionContainsProduct(Trans_id, Barcode, Piecies) values(141, (select Barcode from Products order by rand() limit 1),1);
insert into TransactionContainsProduct(Trans_id, Barcode, Piecies) values(141, (select Barcode from Products order by rand() limit 1),1);
insert into TransactionContainsProduct(Trans_id, Barcode, Piecies) values(141, (select Barcode from Products order by rand() limit 1),1);
insert into TransactionContainsProduct(Trans_id, Barcode, Piecies) values(141, (select Barcode from Products order by rand() limit 1),1);
insert into TransactionContainsProduct(Trans_id, Barcode, Piecies) values(141, (select Barcode from Products order by rand() limit 1),1);
insert into Transaction(Trans_id, Date_time,Total_piecies, Total_amount, Payment_method, Card, Store_id) values (142, '2020-03-26 10:51:21',0, 0, 'Cash', 4,8);
insert into TransactionContainsProduct(Trans_id, Barcode, Piecies) values(142, (select Barcode from Products order by rand() limit 1),1);
insert into TransactionContainsProduct(Trans_id, Barcode, Piecies) values(142, (select Barcode from Products order by rand() limit 1),1);
insert into TransactionContainsProduct(Trans_id, Barcode, Piecies) values(142, (select Barcode from Products order by rand() limit 1),1);
insert into TransactionContainsProduct(Trans_id, Barcode, Piecies) values(142, (select Barcode from Products order by rand() limit 1),1);
insert into TransactionContainsProduct(Trans_id, Barcode, Piecies) values(142, (select Barcode from Products order by rand() limit 1),1);
insert into Transaction(Trans_id, Date_time,Total_piecies, Total_amount, Payment_method, Card, Store_id) values (143, '2020-03-21 18:42:47',0, 0, 'Credit Card', 4,9);
insert into TransactionContainsProduct(Trans_id, Barcode, Piecies) values(143, (select Barcode from Products order by rand() limit 1),1);
insert into TransactionContainsProduct(Trans_id, Barcode, Piecies) values(143, (select Barcode from Products order by rand() limit 1),1);
insert into TransactionContainsProduct(Trans_id, Barcode, Piecies) values(143, (select Barcode from Products order by rand() limit 1),2);
insert into TransactionContainsProduct(Trans_id, Barcode, Piecies) values(143, (select Barcode from Products order by rand() limit 1),1);
insert into TransactionContainsProduct(Trans_id, Barcode, Piecies) values(143, (select Barcode from Products order by rand() limit 1),2);
insert into Transaction(Trans_id, Date_time,Total_piecies, Total_amount, Payment_method, Card, Store_id) values (144, '2020-03-10 14:15:46',0, 0, 'Cash', 4,10);
insert into TransactionContainsProduct(Trans_id, Barcode, Piecies) values(144, (select Barcode from Products order by rand() limit 1),1);
insert into TransactionContainsProduct(Trans_id, Barcode, Piecies) values(144, (select Barcode from Products order by rand() limit 1),1);
insert into TransactionContainsProduct(Trans_id, Barcode, Piecies) values(144, (select Barcode from Products order by rand() limit 1),1);
insert into TransactionContainsProduct(Trans_id, Barcode, Piecies) values(144, (select Barcode from Products order by rand() limit 1),1);
insert into TransactionContainsProduct(Trans_id, Barcode, Piecies) values(144, (select Barcode from Products order by rand() limit 1),1);
insert into Transaction(Trans_id, Date_time,Total_piecies, Total_amount, Payment_method, Card, Store_id) values (145, '2020-03-26 19:00:35',0, 0, 'Credit Card', 4,8);
insert into TransactionContainsProduct(Trans_id, Barcode, Piecies) values(145, (select Barcode from Products order by rand() limit 1),1);
insert into TransactionContainsProduct(Trans_id, Barcode, Piecies) values(145, (select Barcode from Products order by rand() limit 1),1);
insert into TransactionContainsProduct(Trans_id, Barcode, Piecies) values(145, (select Barcode from Products order by rand() limit 1),1);
insert into TransactionContainsProduct(Trans_id, Barcode, Piecies) values(145, (select Barcode from Products order by rand() limit 1),1);
insert into TransactionContainsProduct(Trans_id, Barcode, Piecies) values(145, (select Barcode from Products order by rand() limit 1),1);
insert into Transaction(Trans_id, Date_time,Total_piecies, Total_amount, Payment_method, Card, Store_id) values (146, '2020-03-09 17:47:11',0, 0, 'Cash', 4,9);
insert into TransactionContainsProduct(Trans_id, Barcode, Piecies) values(146, (select Barcode from Products order by rand() limit 1),1);
insert into TransactionContainsProduct(Trans_id, Barcode, Piecies) values(146, (select Barcode from Products order by rand() limit 1),1);
insert into TransactionContainsProduct(Trans_id, Barcode, Piecies) values(146, (select Barcode from Products order by rand() limit 1),1);
insert into TransactionContainsProduct(Trans_id, Barcode, Piecies) values(146, (select Barcode from Products order by rand() limit 1),1);
insert into TransactionContainsProduct(Trans_id, Barcode, Piecies) values(146, (select Barcode from Products order by rand() limit 1),1);
insert into Transaction(Trans_id, Date_time,Total_piecies, Total_amount, Payment_method, Card, Store_id) values (147, '2020-03-14 20:38:53',0, 0, 'Credit Card', 4,10);
insert into TransactionContainsProduct(Trans_id, Barcode, Piecies) values(147, (select Barcode from Products order by rand() limit 1),1);
insert into TransactionContainsProduct(Trans_id, Barcode, Piecies) values(147, (select Barcode from Products order by rand() limit 1),1);
insert into TransactionContainsProduct(Trans_id, Barcode, Piecies) values(147, (select Barcode from Products order by rand() limit 1),1);
insert into TransactionContainsProduct(Trans_id, Barcode, Piecies) values(147, (select Barcode from Products order by rand() limit 1),1);
insert into TransactionContainsProduct(Trans_id, Barcode, Piecies) values(147, (select Barcode from Products order by rand() limit 1),1);
insert into Transaction(Trans_id, Date_time,Total_piecies, Total_amount, Payment_method, Card, Store_id) values (148, '2020-03-31 09:11:51',0, 0, 'Cash', 4,8);
insert into TransactionContainsProduct(Trans_id, Barcode, Piecies) values(148, (select Barcode from Products order by rand() limit 1),1);
insert into TransactionContainsProduct(Trans_id, Barcode, Piecies) values(148, (select Barcode from Products order by rand() limit 1),1);
insert into TransactionContainsProduct(Trans_id, Barcode, Piecies) values(148, (select Barcode from Products order by rand() limit 1),1);
insert into TransactionContainsProduct(Trans_id, Barcode, Piecies) values(148, (select Barcode from Products order by rand() limit 1),1);
insert into TransactionContainsProduct(Trans_id, Barcode, Piecies) values(148, (select Barcode from Products order by rand() limit 1),1);
insert into Transaction(Trans_id, Date_time,Total_piecies, Total_amount, Payment_method, Card, Store_id) values (149, '2020-03-19 09:02:32',0, 0, 'Cash', 4,9);
insert into TransactionContainsProduct(Trans_id, Barcode, Piecies) values(149, (select Barcode from Products order by rand() limit 1),1);
insert into TransactionContainsProduct(Trans_id, Barcode, Piecies) values(149, (select Barcode from Products order by rand() limit 1),2);
insert into TransactionContainsProduct(Trans_id, Barcode, Piecies) values(149, (select Barcode from Products order by rand() limit 1),1);
insert into TransactionContainsProduct(Trans_id, Barcode, Piecies) values(149, (select Barcode from Products order by rand() limit 1),1);
insert into TransactionContainsProduct(Trans_id, Barcode, Piecies) values(149, (select Barcode from Products order by rand() limit 1),1);
insert into Transaction(Trans_id, Date_time,Total_piecies, Total_amount, Payment_method, Card, Store_id) values (150, '2020-03-01 11:37:08',0, 0, 'Credit Card', 4,10);
insert into TransactionContainsProduct(Trans_id, Barcode, Piecies) values(150, (select Barcode from Products order by rand() limit 1),1);
insert into TransactionContainsProduct(Trans_id, Barcode, Piecies) values(150, (select Barcode from Products order by rand() limit 1),1);
insert into TransactionContainsProduct(Trans_id, Barcode, Piecies) values(150, (select Barcode from Products order by rand() limit 1),1);
insert into TransactionContainsProduct(Trans_id, Barcode, Piecies) values(150, (select Barcode from Products order by rand() limit 1),1);
insert into TransactionContainsProduct(Trans_id, Barcode, Piecies) values(150, (select Barcode from Products order by rand() limit 1),1);
insert into Transaction(Trans_id, Date_time,Total_piecies, Total_amount, Payment_method, Card, Store_id) values (151, '2020-04-07 10:02:16',0, 0, 'Credit Card', 4,8);
insert into TransactionContainsProduct(Trans_id, Barcode, Piecies) values(151, (select Barcode from Products order by rand() limit 1),2);
insert into TransactionContainsProduct(Trans_id, Barcode, Piecies) values(151, (select Barcode from Products order by rand() limit 1),1);
insert into TransactionContainsProduct(Trans_id, Barcode, Piecies) values(151, (select Barcode from Products order by rand() limit 1),1);
insert into TransactionContainsProduct(Trans_id, Barcode, Piecies) values(151, (select Barcode from Products order by rand() limit 1),1);
insert into TransactionContainsProduct(Trans_id, Barcode, Piecies) values(151, (select Barcode from Products order by rand() limit 1),1);
insert into Transaction(Trans_id, Date_time,Total_piecies, Total_amount, Payment_method, Card, Store_id) values (152, '2020-04-22 09:19:59',0, 0, 'Cash', 4,9);
insert into TransactionContainsProduct(Trans_id, Barcode, Piecies) values(152, (select Barcode from Products order by rand() limit 1),1);
insert into TransactionContainsProduct(Trans_id, Barcode, Piecies) values(152, (select Barcode from Products order by rand() limit 1),1);
insert into TransactionContainsProduct(Trans_id, Barcode, Piecies) values(152, (select Barcode from Products order by rand() limit 1),1);
insert into TransactionContainsProduct(Trans_id, Barcode, Piecies) values(152, (select Barcode from Products order by rand() limit 1),1);
insert into TransactionContainsProduct(Trans_id, Barcode, Piecies) values(152, (select Barcode from Products order by rand() limit 1),1);
insert into Transaction(Trans_id, Date_time,Total_piecies, Total_amount, Payment_method, Card, Store_id) values (153, '2020-04-12 17:23:51',0, 0, 'Credit Card', 4,10);
insert into TransactionContainsProduct(Trans_id, Barcode, Piecies) values(153, (select Barcode from Products order by rand() limit 1),2);
insert into TransactionContainsProduct(Trans_id, Barcode, Piecies) values(153, (select Barcode from Products order by rand() limit 1),1);
insert into TransactionContainsProduct(Trans_id, Barcode, Piecies) values(153, (select Barcode from Products order by rand() limit 1),2);
insert into TransactionContainsProduct(Trans_id, Barcode, Piecies) values(153, (select Barcode from Products order by rand() limit 1),1);
insert into TransactionContainsProduct(Trans_id, Barcode, Piecies) values(153, (select Barcode from Products order by rand() limit 1),1);
insert into Transaction(Trans_id, Date_time,Total_piecies, Total_amount, Payment_method, Card, Store_id) values (154, '2020-04-24 16:59:15',0, 0, 'Cash', 4,8);
insert into TransactionContainsProduct(Trans_id, Barcode, Piecies) values(154, (select Barcode from Products order by rand() limit 1),1);
insert into TransactionContainsProduct(Trans_id, Barcode, Piecies) values(154, (select Barcode from Products order by rand() limit 1),2);
insert into TransactionContainsProduct(Trans_id, Barcode, Piecies) values(154, (select Barcode from Products order by rand() limit 1),1);
insert into TransactionContainsProduct(Trans_id, Barcode, Piecies) values(154, (select Barcode from Products order by rand() limit 1),1);
insert into TransactionContainsProduct(Trans_id, Barcode, Piecies) values(154, (select Barcode from Products order by rand() limit 1),1);
insert into Transaction(Trans_id, Date_time,Total_piecies, Total_amount, Payment_method, Card, Store_id) values (155, '2020-04-28 12:48:07',0, 0, 'Cash', 4,9);
insert into TransactionContainsProduct(Trans_id, Barcode, Piecies) values(155, (select Barcode from Products order by rand() limit 1),1);
insert into TransactionContainsProduct(Trans_id, Barcode, Piecies) values(155, (select Barcode from Products order by rand() limit 1),1);
insert into TransactionContainsProduct(Trans_id, Barcode, Piecies) values(155, (select Barcode from Products order by rand() limit 1),1);
insert into TransactionContainsProduct(Trans_id, Barcode, Piecies) values(155, (select Barcode from Products order by rand() limit 1),1);
insert into TransactionContainsProduct(Trans_id, Barcode, Piecies) values(155, (select Barcode from Products order by rand() limit 1),1);
insert into Transaction(Trans_id, Date_time,Total_piecies, Total_amount, Payment_method, Card, Store_id) values (156, '2020-04-15 16:16:18',0, 0, 'Credit Card', 4,10);
insert into TransactionContainsProduct(Trans_id, Barcode, Piecies) values(156, (select Barcode from Products order by rand() limit 1),1);
insert into TransactionContainsProduct(Trans_id, Barcode, Piecies) values(156, (select Barcode from Products order by rand() limit 1),1);
insert into TransactionContainsProduct(Trans_id, Barcode, Piecies) values(156, (select Barcode from Products order by rand() limit 1),1);
insert into TransactionContainsProduct(Trans_id, Barcode, Piecies) values(156, (select Barcode from Products order by rand() limit 1),1);
insert into TransactionContainsProduct(Trans_id, Barcode, Piecies) values(156, (select Barcode from Products order by rand() limit 1),1);
insert into Transaction(Trans_id, Date_time,Total_piecies, Total_amount, Payment_method, Card, Store_id) values (157, '2020-04-20 16:57:11',0, 0, 'Credit Card', 4,8);
insert into TransactionContainsProduct(Trans_id, Barcode, Piecies) values(157, (select Barcode from Products order by rand() limit 1),1);
insert into TransactionContainsProduct(Trans_id, Barcode, Piecies) values(157, (select Barcode from Products order by rand() limit 1),1);
insert into TransactionContainsProduct(Trans_id, Barcode, Piecies) values(157, (select Barcode from Products order by rand() limit 1),1);
insert into TransactionContainsProduct(Trans_id, Barcode, Piecies) values(157, (select Barcode from Products order by rand() limit 1),1);
insert into TransactionContainsProduct(Trans_id, Barcode, Piecies) values(157, (select Barcode from Products order by rand() limit 1),1);
insert into Transaction(Trans_id, Date_time,Total_piecies, Total_amount, Payment_method, Card, Store_id) values (158, '2020-04-26 15:57:01',0, 0, 'Credit Card', 4,9);
insert into TransactionContainsProduct(Trans_id, Barcode, Piecies) values(158, (select Barcode from Products order by rand() limit 1),1);
insert into TransactionContainsProduct(Trans_id, Barcode, Piecies) values(158, (select Barcode from Products order by rand() limit 1),1);
insert into TransactionContainsProduct(Trans_id, Barcode, Piecies) values(158, (select Barcode from Products order by rand() limit 1),1);
insert into TransactionContainsProduct(Trans_id, Barcode, Piecies) values(158, (select Barcode from Products order by rand() limit 1),1);
insert into TransactionContainsProduct(Trans_id, Barcode, Piecies) values(158, (select Barcode from Products order by rand() limit 1),1);
insert into Transaction(Trans_id, Date_time,Total_piecies, Total_amount, Payment_method, Card, Store_id) values (159, '2020-04-10 14:53:31',0, 0, 'Cash', 4,10);
insert into TransactionContainsProduct(Trans_id, Barcode, Piecies) values(159, (select Barcode from Products order by rand() limit 1),2);
insert into TransactionContainsProduct(Trans_id, Barcode, Piecies) values(159, (select Barcode from Products order by rand() limit 1),1);
insert into TransactionContainsProduct(Trans_id, Barcode, Piecies) values(159, (select Barcode from Products order by rand() limit 1),1);
insert into TransactionContainsProduct(Trans_id, Barcode, Piecies) values(159, (select Barcode from Products order by rand() limit 1),1);
insert into TransactionContainsProduct(Trans_id, Barcode, Piecies) values(159, (select Barcode from Products order by rand() limit 1),1);
insert into Transaction(Trans_id, Date_time,Total_piecies, Total_amount, Payment_method, Card, Store_id) values (160, '2020-04-03 19:59:20',0, 0, 'Credit Card', 4,10);
insert into TransactionContainsProduct(Trans_id, Barcode, Piecies) values(160, (select Barcode from Products order by rand() limit 1),2);
insert into TransactionContainsProduct(Trans_id, Barcode, Piecies) values(160, (select Barcode from Products order by rand() limit 1),1);
insert into TransactionContainsProduct(Trans_id, Barcode, Piecies) values(160, (select Barcode from Products order by rand() limit 1),1);
insert into TransactionContainsProduct(Trans_id, Barcode, Piecies) values(160, (select Barcode from Products order by rand() limit 1),1);
insert into TransactionContainsProduct(Trans_id, Barcode, Piecies) values(160, (select Barcode from Products order by rand() limit 1),1);
insert into Transaction(Trans_id, Date_time,Total_piecies, Total_amount, Payment_method, Card, Store_id) values (161, '2020-01-16 11:05:06',0, 0, 'Credit Card', 5,5);
insert into TransactionContainsProduct(Trans_id, Barcode, Piecies) values(161, (select Barcode from Products order by rand() limit 1),1);
insert into TransactionContainsProduct(Trans_id, Barcode, Piecies) values(161, (select Barcode from Products order by rand() limit 1),1);
insert into TransactionContainsProduct(Trans_id, Barcode, Piecies) values(161, (select Barcode from Products order by rand() limit 1),1);
insert into TransactionContainsProduct(Trans_id, Barcode, Piecies) values(161, (select Barcode from Products order by rand() limit 1),1);
insert into TransactionContainsProduct(Trans_id, Barcode, Piecies) values(161, (select Barcode from Products order by rand() limit 1),1);
insert into Transaction(Trans_id, Date_time,Total_piecies, Total_amount, Payment_method, Card, Store_id) values (162, '2020-01-01 10:16:49',0, 0, 'Cash', 5,6);
insert into TransactionContainsProduct(Trans_id, Barcode, Piecies) values(162, (select Barcode from Products order by rand() limit 1),1);
insert into TransactionContainsProduct(Trans_id, Barcode, Piecies) values(162, (select Barcode from Products order by rand() limit 1),1);
insert into TransactionContainsProduct(Trans_id, Barcode, Piecies) values(162, (select Barcode from Products order by rand() limit 1),2);
insert into TransactionContainsProduct(Trans_id, Barcode, Piecies) values(162, (select Barcode from Products order by rand() limit 1),1);
insert into TransactionContainsProduct(Trans_id, Barcode, Piecies) values(162, (select Barcode from Products order by rand() limit 1),1);
insert into Transaction(Trans_id, Date_time,Total_piecies, Total_amount, Payment_method, Card, Store_id) values (163, '2020-01-15 09:08:51',0, 0, 'Credit Card', 5,7);
insert into TransactionContainsProduct(Trans_id, Barcode, Piecies) values(163, (select Barcode from Products order by rand() limit 1),2);
insert into TransactionContainsProduct(Trans_id, Barcode, Piecies) values(163, (select Barcode from Products order by rand() limit 1),4);
insert into TransactionContainsProduct(Trans_id, Barcode, Piecies) values(163, (select Barcode from Products order by rand() limit 1),1);
insert into TransactionContainsProduct(Trans_id, Barcode, Piecies) values(163, (select Barcode from Products order by rand() limit 1),1);
insert into TransactionContainsProduct(Trans_id, Barcode, Piecies) values(163, (select Barcode from Products order by rand() limit 1),2);
insert into Transaction(Trans_id, Date_time,Total_piecies, Total_amount, Payment_method, Card, Store_id) values (164, '2020-01-13 17:02:24',0, 0, 'Credit Card', 5,5);
insert into TransactionContainsProduct(Trans_id, Barcode, Piecies) values(164, (select Barcode from Products order by rand() limit 1),1);
insert into TransactionContainsProduct(Trans_id, Barcode, Piecies) values(164, (select Barcode from Products order by rand() limit 1),2);
insert into TransactionContainsProduct(Trans_id, Barcode, Piecies) values(164, (select Barcode from Products order by rand() limit 1),1);
insert into TransactionContainsProduct(Trans_id, Barcode, Piecies) values(164, (select Barcode from Products order by rand() limit 1),4);
insert into TransactionContainsProduct(Trans_id, Barcode, Piecies) values(164, (select Barcode from Products order by rand() limit 1),1);
insert into Transaction(Trans_id, Date_time,Total_piecies, Total_amount, Payment_method, Card, Store_id) values (165, '2020-01-30 10:30:36',0, 0, 'Cash', 5,6);
insert into TransactionContainsProduct(Trans_id, Barcode, Piecies) values(165, (select Barcode from Products order by rand() limit 1),1);
insert into TransactionContainsProduct(Trans_id, Barcode, Piecies) values(165, (select Barcode from Products order by rand() limit 1),2);
insert into TransactionContainsProduct(Trans_id, Barcode, Piecies) values(165, (select Barcode from Products order by rand() limit 1),1);
insert into TransactionContainsProduct(Trans_id, Barcode, Piecies) values(165, (select Barcode from Products order by rand() limit 1),1);
insert into TransactionContainsProduct(Trans_id, Barcode, Piecies) values(165, (select Barcode from Products order by rand() limit 1),1);
insert into Transaction(Trans_id, Date_time,Total_piecies, Total_amount, Payment_method, Card, Store_id) values (166, '2020-01-18 12:18:47',0, 0, 'Credit Card', 5,7);
insert into TransactionContainsProduct(Trans_id, Barcode, Piecies) values(166, (select Barcode from Products order by rand() limit 1),1);
insert into TransactionContainsProduct(Trans_id, Barcode, Piecies) values(166, (select Barcode from Products order by rand() limit 1),1);
insert into TransactionContainsProduct(Trans_id, Barcode, Piecies) values(166, (select Barcode from Products order by rand() limit 1),1);
insert into TransactionContainsProduct(Trans_id, Barcode, Piecies) values(166, (select Barcode from Products order by rand() limit 1),1);
insert into TransactionContainsProduct(Trans_id, Barcode, Piecies) values(166, (select Barcode from Products order by rand() limit 1),1);
insert into Transaction(Trans_id, Date_time,Total_piecies, Total_amount, Payment_method, Card, Store_id) values (167, '2020-01-24 15:45:36',0, 0, 'Credit Card', 5,5);
insert into TransactionContainsProduct(Trans_id, Barcode, Piecies) values(167, (select Barcode from Products order by rand() limit 1),1);
insert into TransactionContainsProduct(Trans_id, Barcode, Piecies) values(167, (select Barcode from Products order by rand() limit 1),2);
insert into TransactionContainsProduct(Trans_id, Barcode, Piecies) values(167, (select Barcode from Products order by rand() limit 1),1);
insert into TransactionContainsProduct(Trans_id, Barcode, Piecies) values(167, (select Barcode from Products order by rand() limit 1),2);
insert into TransactionContainsProduct(Trans_id, Barcode, Piecies) values(167, (select Barcode from Products order by rand() limit 1),2);
insert into Transaction(Trans_id, Date_time,Total_piecies, Total_amount, Payment_method, Card, Store_id) values (168, '2020-01-20 12:01:22',0, 0, 'Cash', 5,6);
insert into TransactionContainsProduct(Trans_id, Barcode, Piecies) values(168, (select Barcode from Products order by rand() limit 1),3);
insert into TransactionContainsProduct(Trans_id, Barcode, Piecies) values(168, (select Barcode from Products order by rand() limit 1),3);
insert into TransactionContainsProduct(Trans_id, Barcode, Piecies) values(168, (select Barcode from Products order by rand() limit 1),3);
insert into TransactionContainsProduct(Trans_id, Barcode, Piecies) values(168, (select Barcode from Products order by rand() limit 1),2);
insert into TransactionContainsProduct(Trans_id, Barcode, Piecies) values(168, (select Barcode from Products order by rand() limit 1),1);
insert into Transaction(Trans_id, Date_time,Total_piecies, Total_amount, Payment_method, Card, Store_id) values (169, '2020-01-07 17:35:28',0, 0, 'Credit Card', 5,7);
insert into TransactionContainsProduct(Trans_id, Barcode, Piecies) values(169, (select Barcode from Products order by rand() limit 1),1);
insert into TransactionContainsProduct(Trans_id, Barcode, Piecies) values(169, (select Barcode from Products order by rand() limit 1),2);
insert into TransactionContainsProduct(Trans_id, Barcode, Piecies) values(169, (select Barcode from Products order by rand() limit 1),1);
insert into TransactionContainsProduct(Trans_id, Barcode, Piecies) values(169, (select Barcode from Products order by rand() limit 1),1);
insert into TransactionContainsProduct(Trans_id, Barcode, Piecies) values(169, (select Barcode from Products order by rand() limit 1),2);
insert into Transaction(Trans_id, Date_time,Total_piecies, Total_amount, Payment_method, Card, Store_id) values (170, '2020-01-06 17:21:38',0, 0, 'Cash', 5,5);
insert into TransactionContainsProduct(Trans_id, Barcode, Piecies) values(170, (select Barcode from Products order by rand() limit 1),1);
insert into TransactionContainsProduct(Trans_id, Barcode, Piecies) values(170, (select Barcode from Products order by rand() limit 1),2);
insert into TransactionContainsProduct(Trans_id, Barcode, Piecies) values(170, (select Barcode from Products order by rand() limit 1),1);
insert into TransactionContainsProduct(Trans_id, Barcode, Piecies) values(170, (select Barcode from Products order by rand() limit 1),1);
insert into TransactionContainsProduct(Trans_id, Barcode, Piecies) values(170, (select Barcode from Products order by rand() limit 1),2);
insert into Transaction(Trans_id, Date_time,Total_piecies, Total_amount, Payment_method, Card, Store_id) values (171, '2020-02-12 11:15:05',0, 0, 'Credit Card', 5,6);
insert into TransactionContainsProduct(Trans_id, Barcode, Piecies) values(171, (select Barcode from Products order by rand() limit 1),2);
insert into TransactionContainsProduct(Trans_id, Barcode, Piecies) values(171, (select Barcode from Products order by rand() limit 1),2);
insert into TransactionContainsProduct(Trans_id, Barcode, Piecies) values(171, (select Barcode from Products order by rand() limit 1),1);
insert into TransactionContainsProduct(Trans_id, Barcode, Piecies) values(171, (select Barcode from Products order by rand() limit 1),1);
insert into TransactionContainsProduct(Trans_id, Barcode, Piecies) values(171, (select Barcode from Products order by rand() limit 1),1);
insert into Transaction(Trans_id, Date_time,Total_piecies, Total_amount, Payment_method, Card, Store_id) values (172, '2020-02-04 14:03:30',0, 0, 'Credit Card', 5,7);
insert into TransactionContainsProduct(Trans_id, Barcode, Piecies) values(172, (select Barcode from Products order by rand() limit 1),1);
insert into TransactionContainsProduct(Trans_id, Barcode, Piecies) values(172, (select Barcode from Products order by rand() limit 1),1);
insert into TransactionContainsProduct(Trans_id, Barcode, Piecies) values(172, (select Barcode from Products order by rand() limit 1),1);
insert into TransactionContainsProduct(Trans_id, Barcode, Piecies) values(172, (select Barcode from Products order by rand() limit 1),1);
insert into TransactionContainsProduct(Trans_id, Barcode, Piecies) values(172, (select Barcode from Products order by rand() limit 1),1);
insert into Transaction(Trans_id, Date_time,Total_piecies, Total_amount, Payment_method, Card, Store_id) values (173, '2020-02-11 15:32:16',0, 0, 'Cash', 5,5);
insert into TransactionContainsProduct(Trans_id, Barcode, Piecies) values(173, (select Barcode from Products order by rand() limit 1),1);
insert into TransactionContainsProduct(Trans_id, Barcode, Piecies) values(173, (select Barcode from Products order by rand() limit 1),1);
insert into TransactionContainsProduct(Trans_id, Barcode, Piecies) values(173, (select Barcode from Products order by rand() limit 1),1);
insert into TransactionContainsProduct(Trans_id, Barcode, Piecies) values(173, (select Barcode from Products order by rand() limit 1),2);
insert into TransactionContainsProduct(Trans_id, Barcode, Piecies) values(173, (select Barcode from Products order by rand() limit 1),1);
insert into Transaction(Trans_id, Date_time,Total_piecies, Total_amount, Payment_method, Card, Store_id) values (174, '2020-02-15 14:30:52',0, 0, 'Cash', 5,6);
insert into TransactionContainsProduct(Trans_id, Barcode, Piecies) values(174, (select Barcode from Products order by rand() limit 1),1);
insert into TransactionContainsProduct(Trans_id, Barcode, Piecies) values(174, (select Barcode from Products order by rand() limit 1),1);
insert into TransactionContainsProduct(Trans_id, Barcode, Piecies) values(174, (select Barcode from Products order by rand() limit 1),1);
insert into TransactionContainsProduct(Trans_id, Barcode, Piecies) values(174, (select Barcode from Products order by rand() limit 1),1);
insert into TransactionContainsProduct(Trans_id, Barcode, Piecies) values(174, (select Barcode from Products order by rand() limit 1),1);
insert into Transaction(Trans_id, Date_time,Total_piecies, Total_amount, Payment_method, Card, Store_id) values (175, '2020-02-11 12:23:41',0, 0, 'Cash', 5,7);
insert into TransactionContainsProduct(Trans_id, Barcode, Piecies) values(175, (select Barcode from Products order by rand() limit 1),1);
insert into TransactionContainsProduct(Trans_id, Barcode, Piecies) values(175, (select Barcode from Products order by rand() limit 1),1);
insert into TransactionContainsProduct(Trans_id, Barcode, Piecies) values(175, (select Barcode from Products order by rand() limit 1),1);
insert into TransactionContainsProduct(Trans_id, Barcode, Piecies) values(175, (select Barcode from Products order by rand() limit 1),2);
insert into TransactionContainsProduct(Trans_id, Barcode, Piecies) values(175, (select Barcode from Products order by rand() limit 1),1);
insert into Transaction(Trans_id, Date_time,Total_piecies, Total_amount, Payment_method, Card, Store_id) values (176, '2020-02-14 10:10:26',0, 0, 'Cash', 5,5);
insert into TransactionContainsProduct(Trans_id, Barcode, Piecies) values(176, (select Barcode from Products order by rand() limit 1),1);
insert into TransactionContainsProduct(Trans_id, Barcode, Piecies) values(176, (select Barcode from Products order by rand() limit 1),1);
insert into TransactionContainsProduct(Trans_id, Barcode, Piecies) values(176, (select Barcode from Products order by rand() limit 1),2);
insert into TransactionContainsProduct(Trans_id, Barcode, Piecies) values(176, (select Barcode from Products order by rand() limit 1),1);
insert into TransactionContainsProduct(Trans_id, Barcode, Piecies) values(176, (select Barcode from Products order by rand() limit 1),1);
insert into Transaction(Trans_id, Date_time,Total_piecies, Total_amount, Payment_method, Card, Store_id) values (177, '2020-02-20 12:45:15',0, 0, 'Credit Card', 5,6);
insert into TransactionContainsProduct(Trans_id, Barcode, Piecies) values(177, (select Barcode from Products order by rand() limit 1),1);
insert into TransactionContainsProduct(Trans_id, Barcode, Piecies) values(177, (select Barcode from Products order by rand() limit 1),1);
insert into TransactionContainsProduct(Trans_id, Barcode, Piecies) values(177, (select Barcode from Products order by rand() limit 1),1);
insert into TransactionContainsProduct(Trans_id, Barcode, Piecies) values(177, (select Barcode from Products order by rand() limit 1),4);
insert into TransactionContainsProduct(Trans_id, Barcode, Piecies) values(177, (select Barcode from Products order by rand() limit 1),1);
insert into Transaction(Trans_id, Date_time,Total_piecies, Total_amount, Payment_method, Card, Store_id) values (178, '2020-02-06 15:12:14',0, 0, 'Credit Card', 5,7);
insert into TransactionContainsProduct(Trans_id, Barcode, Piecies) values(178, (select Barcode from Products order by rand() limit 1),1);
insert into TransactionContainsProduct(Trans_id, Barcode, Piecies) values(178, (select Barcode from Products order by rand() limit 1),1);
insert into TransactionContainsProduct(Trans_id, Barcode, Piecies) values(178, (select Barcode from Products order by rand() limit 1),1);
insert into TransactionContainsProduct(Trans_id, Barcode, Piecies) values(178, (select Barcode from Products order by rand() limit 1),1);
insert into TransactionContainsProduct(Trans_id, Barcode, Piecies) values(178, (select Barcode from Products order by rand() limit 1),1);
insert into Transaction(Trans_id, Date_time,Total_piecies, Total_amount, Payment_method, Card, Store_id) values (179, '2020-02-21 14:01:48',0, 0, 'Cash', 5,5);
insert into TransactionContainsProduct(Trans_id, Barcode, Piecies) values(179, (select Barcode from Products order by rand() limit 1),1);
insert into TransactionContainsProduct(Trans_id, Barcode, Piecies) values(179, (select Barcode from Products order by rand() limit 1),1);
insert into TransactionContainsProduct(Trans_id, Barcode, Piecies) values(179, (select Barcode from Products order by rand() limit 1),1);
insert into TransactionContainsProduct(Trans_id, Barcode, Piecies) values(179, (select Barcode from Products order by rand() limit 1),2);
insert into TransactionContainsProduct(Trans_id, Barcode, Piecies) values(179, (select Barcode from Products order by rand() limit 1),1);
insert into Transaction(Trans_id, Date_time,Total_piecies, Total_amount, Payment_method, Card, Store_id) values (180, '2020-02-20 11:49:20',0, 0, 'Credit Card', 5,6);
insert into TransactionContainsProduct(Trans_id, Barcode, Piecies) values(180, (select Barcode from Products order by rand() limit 1),1);
insert into TransactionContainsProduct(Trans_id, Barcode, Piecies) values(180, (select Barcode from Products order by rand() limit 1),2);
insert into TransactionContainsProduct(Trans_id, Barcode, Piecies) values(180, (select Barcode from Products order by rand() limit 1),1);
insert into TransactionContainsProduct(Trans_id, Barcode, Piecies) values(180, (select Barcode from Products order by rand() limit 1),1);
insert into TransactionContainsProduct(Trans_id, Barcode, Piecies) values(180, (select Barcode from Products order by rand() limit 1),1);
insert into Transaction(Trans_id, Date_time,Total_piecies, Total_amount, Payment_method, Card, Store_id) values (181, '2020-03-08 19:58:07',0, 0, 'Credit Card', 5,7);
insert into TransactionContainsProduct(Trans_id, Barcode, Piecies) values(181, (select Barcode from Products order by rand() limit 1),1);
insert into TransactionContainsProduct(Trans_id, Barcode, Piecies) values(181, (select Barcode from Products order by rand() limit 1),1);
insert into TransactionContainsProduct(Trans_id, Barcode, Piecies) values(181, (select Barcode from Products order by rand() limit 1),1);
insert into TransactionContainsProduct(Trans_id, Barcode, Piecies) values(181, (select Barcode from Products order by rand() limit 1),1);
insert into TransactionContainsProduct(Trans_id, Barcode, Piecies) values(181, (select Barcode from Products order by rand() limit 1),1);
insert into Transaction(Trans_id, Date_time,Total_piecies, Total_amount, Payment_method, Card, Store_id) values (182, '2020-03-17 20:59:11',0, 0, 'Cash', 5,5);
insert into TransactionContainsProduct(Trans_id, Barcode, Piecies) values(182, (select Barcode from Products order by rand() limit 1),1);
insert into TransactionContainsProduct(Trans_id, Barcode, Piecies) values(182, (select Barcode from Products order by rand() limit 1),1);
insert into TransactionContainsProduct(Trans_id, Barcode, Piecies) values(182, (select Barcode from Products order by rand() limit 1),1);
insert into TransactionContainsProduct(Trans_id, Barcode, Piecies) values(182, (select Barcode from Products order by rand() limit 1),1);
insert into TransactionContainsProduct(Trans_id, Barcode, Piecies) values(182, (select Barcode from Products order by rand() limit 1),1);
insert into Transaction(Trans_id, Date_time,Total_piecies, Total_amount, Payment_method, Card, Store_id) values (183, '2020-03-11 12:01:32',0, 0, 'Credit Card', 5,6);
insert into TransactionContainsProduct(Trans_id, Barcode, Piecies) values(183, (select Barcode from Products order by rand() limit 1),1);
insert into TransactionContainsProduct(Trans_id, Barcode, Piecies) values(183, (select Barcode from Products order by rand() limit 1),1);
insert into TransactionContainsProduct(Trans_id, Barcode, Piecies) values(183, (select Barcode from Products order by rand() limit 1),2);
insert into TransactionContainsProduct(Trans_id, Barcode, Piecies) values(183, (select Barcode from Products order by rand() limit 1),1);
insert into TransactionContainsProduct(Trans_id, Barcode, Piecies) values(183, (select Barcode from Products order by rand() limit 1),2);
insert into Transaction(Trans_id, Date_time,Total_piecies, Total_amount, Payment_method, Card, Store_id) values (184, '2020-03-04 19:46:10',0, 0, 'Cash', 5,7);
insert into TransactionContainsProduct(Trans_id, Barcode, Piecies) values(184, (select Barcode from Products order by rand() limit 1),1);
insert into TransactionContainsProduct(Trans_id, Barcode, Piecies) values(184, (select Barcode from Products order by rand() limit 1),1);
insert into TransactionContainsProduct(Trans_id, Barcode, Piecies) values(184, (select Barcode from Products order by rand() limit 1),1);
insert into TransactionContainsProduct(Trans_id, Barcode, Piecies) values(184, (select Barcode from Products order by rand() limit 1),1);
insert into TransactionContainsProduct(Trans_id, Barcode, Piecies) values(184, (select Barcode from Products order by rand() limit 1),1);
insert into Transaction(Trans_id, Date_time,Total_piecies, Total_amount, Payment_method, Card, Store_id) values (185, '2020-03-16 14:20:26',0, 0, 'Credit Card', 5,5);
insert into TransactionContainsProduct(Trans_id, Barcode, Piecies) values(185, (select Barcode from Products order by rand() limit 1),1);
insert into TransactionContainsProduct(Trans_id, Barcode, Piecies) values(185, (select Barcode from Products order by rand() limit 1),1);
insert into TransactionContainsProduct(Trans_id, Barcode, Piecies) values(185, (select Barcode from Products order by rand() limit 1),1);
insert into TransactionContainsProduct(Trans_id, Barcode, Piecies) values(185, (select Barcode from Products order by rand() limit 1),1);
insert into TransactionContainsProduct(Trans_id, Barcode, Piecies) values(185, (select Barcode from Products order by rand() limit 1),1);
insert into Transaction(Trans_id, Date_time,Total_piecies, Total_amount, Payment_method, Card, Store_id) values (186, '2020-03-10 09:56:40',0, 0, 'Cash', 5,6);
insert into TransactionContainsProduct(Trans_id, Barcode, Piecies) values(186, (select Barcode from Products order by rand() limit 1),1);
insert into TransactionContainsProduct(Trans_id, Barcode, Piecies) values(186, (select Barcode from Products order by rand() limit 1),1);
insert into TransactionContainsProduct(Trans_id, Barcode, Piecies) values(186, (select Barcode from Products order by rand() limit 1),1);
insert into TransactionContainsProduct(Trans_id, Barcode, Piecies) values(186, (select Barcode from Products order by rand() limit 1),1);
insert into TransactionContainsProduct(Trans_id, Barcode, Piecies) values(186, (select Barcode from Products order by rand() limit 1),1);
insert into Transaction(Trans_id, Date_time,Total_piecies, Total_amount, Payment_method, Card, Store_id) values (187, '2020-03-05 15:52:55',0, 0, 'Credit Card', 5,7);
insert into TransactionContainsProduct(Trans_id, Barcode, Piecies) values(187, (select Barcode from Products order by rand() limit 1),1);
insert into TransactionContainsProduct(Trans_id, Barcode, Piecies) values(187, (select Barcode from Products order by rand() limit 1),1);
insert into TransactionContainsProduct(Trans_id, Barcode, Piecies) values(187, (select Barcode from Products order by rand() limit 1),1);
insert into TransactionContainsProduct(Trans_id, Barcode, Piecies) values(187, (select Barcode from Products order by rand() limit 1),1);
insert into TransactionContainsProduct(Trans_id, Barcode, Piecies) values(187, (select Barcode from Products order by rand() limit 1),1);
insert into Transaction(Trans_id, Date_time,Total_piecies, Total_amount, Payment_method, Card, Store_id) values (188, '2020-03-10 12:29:07',0, 0, 'Cash', 5,5);
insert into TransactionContainsProduct(Trans_id, Barcode, Piecies) values(188, (select Barcode from Products order by rand() limit 1),1);
insert into TransactionContainsProduct(Trans_id, Barcode, Piecies) values(188, (select Barcode from Products order by rand() limit 1),1);
insert into TransactionContainsProduct(Trans_id, Barcode, Piecies) values(188, (select Barcode from Products order by rand() limit 1),1);
insert into TransactionContainsProduct(Trans_id, Barcode, Piecies) values(188, (select Barcode from Products order by rand() limit 1),1);
insert into TransactionContainsProduct(Trans_id, Barcode, Piecies) values(188, (select Barcode from Products order by rand() limit 1),1);
insert into Transaction(Trans_id, Date_time,Total_piecies, Total_amount, Payment_method, Card, Store_id) values (189, '2020-03-11 13:59:59',0, 0, 'Cash', 5,6);
insert into TransactionContainsProduct(Trans_id, Barcode, Piecies) values(189, (select Barcode from Products order by rand() limit 1),1);
insert into TransactionContainsProduct(Trans_id, Barcode, Piecies) values(189, (select Barcode from Products order by rand() limit 1),2);
insert into TransactionContainsProduct(Trans_id, Barcode, Piecies) values(189, (select Barcode from Products order by rand() limit 1),1);
insert into TransactionContainsProduct(Trans_id, Barcode, Piecies) values(189, (select Barcode from Products order by rand() limit 1),1);
insert into TransactionContainsProduct(Trans_id, Barcode, Piecies) values(189, (select Barcode from Products order by rand() limit 1),1);
insert into Transaction(Trans_id, Date_time,Total_piecies, Total_amount, Payment_method, Card, Store_id) values (190, '2020-03-27 20:42:55',0, 0, 'Credit Card', 5,7);
insert into TransactionContainsProduct(Trans_id, Barcode, Piecies) values(190, (select Barcode from Products order by rand() limit 1),1);
insert into TransactionContainsProduct(Trans_id, Barcode, Piecies) values(190, (select Barcode from Products order by rand() limit 1),1);
insert into TransactionContainsProduct(Trans_id, Barcode, Piecies) values(190, (select Barcode from Products order by rand() limit 1),1);
insert into TransactionContainsProduct(Trans_id, Barcode, Piecies) values(190, (select Barcode from Products order by rand() limit 1),1);
insert into TransactionContainsProduct(Trans_id, Barcode, Piecies) values(190, (select Barcode from Products order by rand() limit 1),1);
insert into Transaction(Trans_id, Date_time,Total_piecies, Total_amount, Payment_method, Card, Store_id) values (191, '2020-04-18 09:04:11',0, 0, 'Credit Card', 5,5);
insert into TransactionContainsProduct(Trans_id, Barcode, Piecies) values(191, (select Barcode from Products order by rand() limit 1),2);
insert into TransactionContainsProduct(Trans_id, Barcode, Piecies) values(191, (select Barcode from Products order by rand() limit 1),1);
insert into TransactionContainsProduct(Trans_id, Barcode, Piecies) values(191, (select Barcode from Products order by rand() limit 1),1);
insert into TransactionContainsProduct(Trans_id, Barcode, Piecies) values(191, (select Barcode from Products order by rand() limit 1),1);
insert into TransactionContainsProduct(Trans_id, Barcode, Piecies) values(191, (select Barcode from Products order by rand() limit 1),1);
insert into Transaction(Trans_id, Date_time,Total_piecies, Total_amount, Payment_method, Card, Store_id) values (192, '2020-04-20 17:08:31',0, 0, 'Cash', 5,6);
insert into TransactionContainsProduct(Trans_id, Barcode, Piecies) values(192, (select Barcode from Products order by rand() limit 1),1);
insert into TransactionContainsProduct(Trans_id, Barcode, Piecies) values(192, (select Barcode from Products order by rand() limit 1),1);
insert into TransactionContainsProduct(Trans_id, Barcode, Piecies) values(192, (select Barcode from Products order by rand() limit 1),1);
insert into TransactionContainsProduct(Trans_id, Barcode, Piecies) values(192, (select Barcode from Products order by rand() limit 1),1);
insert into TransactionContainsProduct(Trans_id, Barcode, Piecies) values(192, (select Barcode from Products order by rand() limit 1),1);
insert into Transaction(Trans_id, Date_time,Total_piecies, Total_amount, Payment_method, Card, Store_id) values (193, '2020-04-28 12:04:01',0, 0, 'Credit Card', 5,7);
insert into TransactionContainsProduct(Trans_id, Barcode, Piecies) values(193, (select Barcode from Products order by rand() limit 1),2);
insert into TransactionContainsProduct(Trans_id, Barcode, Piecies) values(193, (select Barcode from Products order by rand() limit 1),1);
insert into TransactionContainsProduct(Trans_id, Barcode, Piecies) values(193, (select Barcode from Products order by rand() limit 1),2);
insert into TransactionContainsProduct(Trans_id, Barcode, Piecies) values(193, (select Barcode from Products order by rand() limit 1),1);
insert into TransactionContainsProduct(Trans_id, Barcode, Piecies) values(193, (select Barcode from Products order by rand() limit 1),1);
insert into Transaction(Trans_id, Date_time,Total_piecies, Total_amount, Payment_method, Card, Store_id) values (194, '2020-04-30 13:03:30',0, 0, 'Cash', 5,5);
insert into TransactionContainsProduct(Trans_id, Barcode, Piecies) values(194, (select Barcode from Products order by rand() limit 1),1);
insert into TransactionContainsProduct(Trans_id, Barcode, Piecies) values(194, (select Barcode from Products order by rand() limit 1),2);
insert into TransactionContainsProduct(Trans_id, Barcode, Piecies) values(194, (select Barcode from Products order by rand() limit 1),1);
insert into TransactionContainsProduct(Trans_id, Barcode, Piecies) values(194, (select Barcode from Products order by rand() limit 1),1);
insert into TransactionContainsProduct(Trans_id, Barcode, Piecies) values(194, (select Barcode from Products order by rand() limit 1),1);
insert into Transaction(Trans_id, Date_time,Total_piecies, Total_amount, Payment_method, Card, Store_id) values (195, '2020-04-21 20:21:14',0, 0, 'Cash', 5,6);
insert into TransactionContainsProduct(Trans_id, Barcode, Piecies) values(195, (select Barcode from Products order by rand() limit 1),1);
insert into TransactionContainsProduct(Trans_id, Barcode, Piecies) values(195, (select Barcode from Products order by rand() limit 1),1);
insert into TransactionContainsProduct(Trans_id, Barcode, Piecies) values(195, (select Barcode from Products order by rand() limit 1),1);
insert into TransactionContainsProduct(Trans_id, Barcode, Piecies) values(195, (select Barcode from Products order by rand() limit 1),1);
insert into TransactionContainsProduct(Trans_id, Barcode, Piecies) values(195, (select Barcode from Products order by rand() limit 1),1);
insert into Transaction(Trans_id, Date_time,Total_piecies, Total_amount, Payment_method, Card, Store_id) values (196, '2020-04-09 10:51:07',0, 0, 'Credit Card', 5,7);
insert into TransactionContainsProduct(Trans_id, Barcode, Piecies) values(196, (select Barcode from Products order by rand() limit 1),1);
insert into TransactionContainsProduct(Trans_id, Barcode, Piecies) values(196, (select Barcode from Products order by rand() limit 1),1);
insert into TransactionContainsProduct(Trans_id, Barcode, Piecies) values(196, (select Barcode from Products order by rand() limit 1),1);
insert into TransactionContainsProduct(Trans_id, Barcode, Piecies) values(196, (select Barcode from Products order by rand() limit 1),1);
insert into TransactionContainsProduct(Trans_id, Barcode, Piecies) values(196, (select Barcode from Products order by rand() limit 1),1);
insert into Transaction(Trans_id, Date_time,Total_piecies, Total_amount, Payment_method, Card, Store_id) values (197, '2020-04-09 20:11:53',0, 0, 'Credit Card', 5,5);
insert into TransactionContainsProduct(Trans_id, Barcode, Piecies) values(197, (select Barcode from Products order by rand() limit 1),1);
insert into TransactionContainsProduct(Trans_id, Barcode, Piecies) values(197, (select Barcode from Products order by rand() limit 1),1);
insert into TransactionContainsProduct(Trans_id, Barcode, Piecies) values(197, (select Barcode from Products order by rand() limit 1),1);
insert into TransactionContainsProduct(Trans_id, Barcode, Piecies) values(197, (select Barcode from Products order by rand() limit 1),1);
insert into TransactionContainsProduct(Trans_id, Barcode, Piecies) values(197, (select Barcode from Products order by rand() limit 1),1);
insert into Transaction(Trans_id, Date_time,Total_piecies, Total_amount, Payment_method, Card, Store_id) values (198, '2020-04-19 11:26:06',0, 0, 'Credit Card', 5,6);
insert into TransactionContainsProduct(Trans_id, Barcode, Piecies) values(198, (select Barcode from Products order by rand() limit 1),1);
insert into TransactionContainsProduct(Trans_id, Barcode, Piecies) values(198, (select Barcode from Products order by rand() limit 1),1);
insert into TransactionContainsProduct(Trans_id, Barcode, Piecies) values(198, (select Barcode from Products order by rand() limit 1),1);
insert into TransactionContainsProduct(Trans_id, Barcode, Piecies) values(198, (select Barcode from Products order by rand() limit 1),1);
insert into TransactionContainsProduct(Trans_id, Barcode, Piecies) values(198, (select Barcode from Products order by rand() limit 1),1);
insert into Transaction(Trans_id, Date_time,Total_piecies, Total_amount, Payment_method, Card, Store_id) values (199, '2020-04-07 11:34:48',0, 0, 'Cash', 5,7);
insert into TransactionContainsProduct(Trans_id, Barcode, Piecies) values(199, (select Barcode from Products order by rand() limit 1),2);
insert into TransactionContainsProduct(Trans_id, Barcode, Piecies) values(199, (select Barcode from Products order by rand() limit 1),1);
insert into TransactionContainsProduct(Trans_id, Barcode, Piecies) values(199, (select Barcode from Products order by rand() limit 1),1);
insert into TransactionContainsProduct(Trans_id, Barcode, Piecies) values(199, (select Barcode from Products order by rand() limit 1),1);
insert into TransactionContainsProduct(Trans_id, Barcode, Piecies) values(199, (select Barcode from Products order by rand() limit 1),1);
insert into Transaction(Trans_id, Date_time,Total_piecies, Total_amount, Payment_method, Card, Store_id) values (200, '2020-04-06 09:24:47',0, 0, 'Credit Card', 5,6);
insert into TransactionContainsProduct(Trans_id, Barcode, Piecies) values(200, (select Barcode from Products order by rand() limit 1),2);
insert into TransactionContainsProduct(Trans_id, Barcode, Piecies) values(200, (select Barcode from Products order by rand() limit 1),1);
insert into TransactionContainsProduct(Trans_id, Barcode, Piecies) values(200, (select Barcode from Products order by rand() limit 1),1);
insert into TransactionContainsProduct(Trans_id, Barcode, Piecies) values(200, (select Barcode from Products order by rand() limit 1),1);
insert into TransactionContainsProduct(Trans_id, Barcode, Piecies) values(200, (select Barcode from Products order by rand() limit 1),1);
insert into Transaction(Trans_id, Date_time,Total_piecies, Total_amount, Payment_method, Card, Store_id) values (201, '2020-01-23 16:03:52',0, 0, 'Credit Card', 6,5);
insert into TransactionContainsProduct(Trans_id, Barcode, Piecies) values(201, (select Barcode from Products order by rand() limit 1),1);
insert into TransactionContainsProduct(Trans_id, Barcode, Piecies) values(201, (select Barcode from Products order by rand() limit 1),1);
insert into TransactionContainsProduct(Trans_id, Barcode, Piecies) values(201, (select Barcode from Products order by rand() limit 1),1);
insert into TransactionContainsProduct(Trans_id, Barcode, Piecies) values(201, (select Barcode from Products order by rand() limit 1),1);
insert into TransactionContainsProduct(Trans_id, Barcode, Piecies) values(201, (select Barcode from Products order by rand() limit 1),1);
insert into Transaction(Trans_id, Date_time,Total_piecies, Total_amount, Payment_method, Card, Store_id) values (202, '2020-01-30 20:14:04',0, 0, 'Cash', 6,6);
insert into TransactionContainsProduct(Trans_id, Barcode, Piecies) values(202, (select Barcode from Products order by rand() limit 1),1);
insert into TransactionContainsProduct(Trans_id, Barcode, Piecies) values(202, (select Barcode from Products order by rand() limit 1),1);
insert into TransactionContainsProduct(Trans_id, Barcode, Piecies) values(202, (select Barcode from Products order by rand() limit 1),2);
insert into TransactionContainsProduct(Trans_id, Barcode, Piecies) values(202, (select Barcode from Products order by rand() limit 1),1);
insert into TransactionContainsProduct(Trans_id, Barcode, Piecies) values(202, (select Barcode from Products order by rand() limit 1),1);
insert into Transaction(Trans_id, Date_time,Total_piecies, Total_amount, Payment_method, Card, Store_id) values (203, '2020-01-22 19:58:41',0, 0, 'Credit Card', 6,7);
insert into TransactionContainsProduct(Trans_id, Barcode, Piecies) values(203, (select Barcode from Products order by rand() limit 1),2);
insert into TransactionContainsProduct(Trans_id, Barcode, Piecies) values(203, (select Barcode from Products order by rand() limit 1),4);
insert into TransactionContainsProduct(Trans_id, Barcode, Piecies) values(203, (select Barcode from Products order by rand() limit 1),1);
insert into TransactionContainsProduct(Trans_id, Barcode, Piecies) values(203, (select Barcode from Products order by rand() limit 1),1);
insert into TransactionContainsProduct(Trans_id, Barcode, Piecies) values(203, (select Barcode from Products order by rand() limit 1),2);
insert into Transaction(Trans_id, Date_time,Total_piecies, Total_amount, Payment_method, Card, Store_id) values (204, '2020-01-06 10:27:29',0, 0, 'Credit Card', 6,5);
insert into TransactionContainsProduct(Trans_id, Barcode, Piecies) values(204, (select Barcode from Products order by rand() limit 1),1);
insert into TransactionContainsProduct(Trans_id, Barcode, Piecies) values(204, (select Barcode from Products order by rand() limit 1),2);
insert into TransactionContainsProduct(Trans_id, Barcode, Piecies) values(204, (select Barcode from Products order by rand() limit 1),1);
insert into TransactionContainsProduct(Trans_id, Barcode, Piecies) values(204, (select Barcode from Products order by rand() limit 1),4);
insert into TransactionContainsProduct(Trans_id, Barcode, Piecies) values(204, (select Barcode from Products order by rand() limit 1),1);
insert into Transaction(Trans_id, Date_time,Total_piecies, Total_amount, Payment_method, Card, Store_id) values (205, '2020-01-28 19:09:17',0, 0, 'Cash', 6,6);
insert into TransactionContainsProduct(Trans_id, Barcode, Piecies) values(205, (select Barcode from Products order by rand() limit 1),1);
insert into TransactionContainsProduct(Trans_id, Barcode, Piecies) values(205, (select Barcode from Products order by rand() limit 1),2);
insert into TransactionContainsProduct(Trans_id, Barcode, Piecies) values(205, (select Barcode from Products order by rand() limit 1),1);
insert into TransactionContainsProduct(Trans_id, Barcode, Piecies) values(205, (select Barcode from Products order by rand() limit 1),1);
insert into TransactionContainsProduct(Trans_id, Barcode, Piecies) values(205, (select Barcode from Products order by rand() limit 1),1);
insert into Transaction(Trans_id, Date_time,Total_piecies, Total_amount, Payment_method, Card, Store_id) values (206, '2020-01-06 12:48:29',0, 0, 'Credit Card', 6,7);
insert into TransactionContainsProduct(Trans_id, Barcode, Piecies) values(206, (select Barcode from Products order by rand() limit 1),1);
insert into TransactionContainsProduct(Trans_id, Barcode, Piecies) values(206, (select Barcode from Products order by rand() limit 1),1);
insert into TransactionContainsProduct(Trans_id, Barcode, Piecies) values(206, (select Barcode from Products order by rand() limit 1),1);
insert into TransactionContainsProduct(Trans_id, Barcode, Piecies) values(206, (select Barcode from Products order by rand() limit 1),1);
insert into TransactionContainsProduct(Trans_id, Barcode, Piecies) values(206, (select Barcode from Products order by rand() limit 1),1);
insert into Transaction(Trans_id, Date_time,Total_piecies, Total_amount, Payment_method, Card, Store_id) values (207, '2020-01-21 19:10:21',0, 0, 'Credit Card', 6,5);
insert into TransactionContainsProduct(Trans_id, Barcode, Piecies) values(207, (select Barcode from Products order by rand() limit 1),1);
insert into TransactionContainsProduct(Trans_id, Barcode, Piecies) values(207, (select Barcode from Products order by rand() limit 1),2);
insert into TransactionContainsProduct(Trans_id, Barcode, Piecies) values(207, (select Barcode from Products order by rand() limit 1),1);
insert into TransactionContainsProduct(Trans_id, Barcode, Piecies) values(207, (select Barcode from Products order by rand() limit 1),2);
insert into TransactionContainsProduct(Trans_id, Barcode, Piecies) values(207, (select Barcode from Products order by rand() limit 1),2);
insert into Transaction(Trans_id, Date_time,Total_piecies, Total_amount, Payment_method, Card, Store_id) values (208, '2020-01-10 15:56:32',0, 0, 'Cash', 6,6);
insert into TransactionContainsProduct(Trans_id, Barcode, Piecies) values(208, (select Barcode from Products order by rand() limit 1),3);
insert into TransactionContainsProduct(Trans_id, Barcode, Piecies) values(208, (select Barcode from Products order by rand() limit 1),3);
insert into TransactionContainsProduct(Trans_id, Barcode, Piecies) values(208, (select Barcode from Products order by rand() limit 1),3);
insert into TransactionContainsProduct(Trans_id, Barcode, Piecies) values(208, (select Barcode from Products order by rand() limit 1),2);
insert into TransactionContainsProduct(Trans_id, Barcode, Piecies) values(208, (select Barcode from Products order by rand() limit 1),1);
insert into Transaction(Trans_id, Date_time,Total_piecies, Total_amount, Payment_method, Card, Store_id) values (209, '2020-01-03 12:58:18',0, 0, 'Credit Card', 6,7);
insert into TransactionContainsProduct(Trans_id, Barcode, Piecies) values(209, (select Barcode from Products order by rand() limit 1),1);
insert into TransactionContainsProduct(Trans_id, Barcode, Piecies) values(209, (select Barcode from Products order by rand() limit 1),2);
insert into TransactionContainsProduct(Trans_id, Barcode, Piecies) values(209, (select Barcode from Products order by rand() limit 1),1);
insert into TransactionContainsProduct(Trans_id, Barcode, Piecies) values(209, (select Barcode from Products order by rand() limit 1),1);
insert into TransactionContainsProduct(Trans_id, Barcode, Piecies) values(209, (select Barcode from Products order by rand() limit 1),2);
insert into Transaction(Trans_id, Date_time,Total_piecies, Total_amount, Payment_method, Card, Store_id) values (210, '2020-01-04 17:48:45',0, 0, 'Cash', 6,5);
insert into TransactionContainsProduct(Trans_id, Barcode, Piecies) values(210, (select Barcode from Products order by rand() limit 1),1);
insert into TransactionContainsProduct(Trans_id, Barcode, Piecies) values(210, (select Barcode from Products order by rand() limit 1),2);
insert into TransactionContainsProduct(Trans_id, Barcode, Piecies) values(210, (select Barcode from Products order by rand() limit 1),1);
insert into TransactionContainsProduct(Trans_id, Barcode, Piecies) values(210, (select Barcode from Products order by rand() limit 1),1);
insert into TransactionContainsProduct(Trans_id, Barcode, Piecies) values(210, (select Barcode from Products order by rand() limit 1),2);
insert into Transaction(Trans_id, Date_time,Total_piecies, Total_amount, Payment_method, Card, Store_id) values (211, '2020-02-20 11:49:20',0, 0, 'Credit Card', 6,6);
insert into TransactionContainsProduct(Trans_id, Barcode, Piecies) values(211, (select Barcode from Products order by rand() limit 1),2);
insert into TransactionContainsProduct(Trans_id, Barcode, Piecies) values(211, (select Barcode from Products order by rand() limit 1),2);
insert into TransactionContainsProduct(Trans_id, Barcode, Piecies) values(211, (select Barcode from Products order by rand() limit 1),1);
insert into TransactionContainsProduct(Trans_id, Barcode, Piecies) values(211, (select Barcode from Products order by rand() limit 1),1);
insert into TransactionContainsProduct(Trans_id, Barcode, Piecies) values(211, (select Barcode from Products order by rand() limit 1),1);
insert into Transaction(Trans_id, Date_time,Total_piecies, Total_amount, Payment_method, Card, Store_id) values (212, '2020-02-15 18:14:37',0, 0, 'Credit Card', 6,7);
insert into TransactionContainsProduct(Trans_id, Barcode, Piecies) values(212, (select Barcode from Products order by rand() limit 1),1);
insert into TransactionContainsProduct(Trans_id, Barcode, Piecies) values(212, (select Barcode from Products order by rand() limit 1),1);
insert into TransactionContainsProduct(Trans_id, Barcode, Piecies) values(212, (select Barcode from Products order by rand() limit 1),1);
insert into TransactionContainsProduct(Trans_id, Barcode, Piecies) values(212, (select Barcode from Products order by rand() limit 1),1);
insert into TransactionContainsProduct(Trans_id, Barcode, Piecies) values(212, (select Barcode from Products order by rand() limit 1),1);
insert into Transaction(Trans_id, Date_time,Total_piecies, Total_amount, Payment_method, Card, Store_id) values (213, '2020-02-03 14:01:35',0, 0, 'Cash', 6,5);
insert into TransactionContainsProduct(Trans_id, Barcode, Piecies) values(213, (select Barcode from Products order by rand() limit 1),1);
insert into TransactionContainsProduct(Trans_id, Barcode, Piecies) values(213, (select Barcode from Products order by rand() limit 1),1);
insert into TransactionContainsProduct(Trans_id, Barcode, Piecies) values(213, (select Barcode from Products order by rand() limit 1),1);
insert into TransactionContainsProduct(Trans_id, Barcode, Piecies) values(213, (select Barcode from Products order by rand() limit 1),2);
insert into TransactionContainsProduct(Trans_id, Barcode, Piecies) values(213, (select Barcode from Products order by rand() limit 1),1);
insert into Transaction(Trans_id, Date_time,Total_piecies, Total_amount, Payment_method, Card, Store_id) values (214, '2020-02-23 16:52:41',0, 0, 'Cash', 6,6);
insert into TransactionContainsProduct(Trans_id, Barcode, Piecies) values(214, (select Barcode from Products order by rand() limit 1),1);
insert into TransactionContainsProduct(Trans_id, Barcode, Piecies) values(214, (select Barcode from Products order by rand() limit 1),1);
insert into TransactionContainsProduct(Trans_id, Barcode, Piecies) values(214, (select Barcode from Products order by rand() limit 1),1);
insert into TransactionContainsProduct(Trans_id, Barcode, Piecies) values(214, (select Barcode from Products order by rand() limit 1),1);
insert into TransactionContainsProduct(Trans_id, Barcode, Piecies) values(214, (select Barcode from Products order by rand() limit 1),1);
insert into Transaction(Trans_id, Date_time,Total_piecies, Total_amount, Payment_method, Card, Store_id) values (215, '2020-02-19 10:55:03',0, 0, 'Cash', 6,7);
insert into TransactionContainsProduct(Trans_id, Barcode, Piecies) values(215, (select Barcode from Products order by rand() limit 1),1);
insert into TransactionContainsProduct(Trans_id, Barcode, Piecies) values(215, (select Barcode from Products order by rand() limit 1),1);
insert into TransactionContainsProduct(Trans_id, Barcode, Piecies) values(215, (select Barcode from Products order by rand() limit 1),1);
insert into TransactionContainsProduct(Trans_id, Barcode, Piecies) values(215, (select Barcode from Products order by rand() limit 1),2);
insert into TransactionContainsProduct(Trans_id, Barcode, Piecies) values(215, (select Barcode from Products order by rand() limit 1),1);
insert into Transaction(Trans_id, Date_time,Total_piecies, Total_amount, Payment_method, Card, Store_id) values (216, '2020-02-06 10:31:45',0, 0, 'Cash', 6,5);
insert into TransactionContainsProduct(Trans_id, Barcode, Piecies) values(216, (select Barcode from Products order by rand() limit 1),1);
insert into TransactionContainsProduct(Trans_id, Barcode, Piecies) values(216, (select Barcode from Products order by rand() limit 1),1);
insert into TransactionContainsProduct(Trans_id, Barcode, Piecies) values(216, (select Barcode from Products order by rand() limit 1),2);
insert into TransactionContainsProduct(Trans_id, Barcode, Piecies) values(216, (select Barcode from Products order by rand() limit 1),1);
insert into TransactionContainsProduct(Trans_id, Barcode, Piecies) values(216, (select Barcode from Products order by rand() limit 1),1);
insert into Transaction(Trans_id, Date_time,Total_piecies, Total_amount, Payment_method, Card, Store_id) values (217, '2020-02-18 14:57:40',0, 0, 'Credit Card', 6,6);
insert into TransactionContainsProduct(Trans_id, Barcode, Piecies) values(217, (select Barcode from Products order by rand() limit 1),1);
insert into TransactionContainsProduct(Trans_id, Barcode, Piecies) values(217, (select Barcode from Products order by rand() limit 1),1);
insert into TransactionContainsProduct(Trans_id, Barcode, Piecies) values(217, (select Barcode from Products order by rand() limit 1),1);
insert into TransactionContainsProduct(Trans_id, Barcode, Piecies) values(217, (select Barcode from Products order by rand() limit 1),4);
insert into TransactionContainsProduct(Trans_id, Barcode, Piecies) values(217, (select Barcode from Products order by rand() limit 1),1);
insert into Transaction(Trans_id, Date_time,Total_piecies, Total_amount, Payment_method, Card, Store_id) values (218, '2020-02-03 11:10:00',0, 0, 'Credit Card', 6,7);
insert into TransactionContainsProduct(Trans_id, Barcode, Piecies) values(218, (select Barcode from Products order by rand() limit 1),1);
insert into TransactionContainsProduct(Trans_id, Barcode, Piecies) values(218, (select Barcode from Products order by rand() limit 1),1);
insert into TransactionContainsProduct(Trans_id, Barcode, Piecies) values(218, (select Barcode from Products order by rand() limit 1),1);
insert into TransactionContainsProduct(Trans_id, Barcode, Piecies) values(218, (select Barcode from Products order by rand() limit 1),1);
insert into TransactionContainsProduct(Trans_id, Barcode, Piecies) values(218, (select Barcode from Products order by rand() limit 1),1);
insert into Transaction(Trans_id, Date_time,Total_piecies, Total_amount, Payment_method, Card, Store_id) values (219, '2020-02-11 19:46:22',0, 0, 'Cash', 6,5);
insert into TransactionContainsProduct(Trans_id, Barcode, Piecies) values(219, (select Barcode from Products order by rand() limit 1),1);
insert into TransactionContainsProduct(Trans_id, Barcode, Piecies) values(219, (select Barcode from Products order by rand() limit 1),1);
insert into TransactionContainsProduct(Trans_id, Barcode, Piecies) values(219, (select Barcode from Products order by rand() limit 1),1);
insert into TransactionContainsProduct(Trans_id, Barcode, Piecies) values(219, (select Barcode from Products order by rand() limit 1),2);
insert into TransactionContainsProduct(Trans_id, Barcode, Piecies) values(219, (select Barcode from Products order by rand() limit 1),1);
insert into Transaction(Trans_id, Date_time,Total_piecies, Total_amount, Payment_method, Card, Store_id) values (220, '2020-02-10 20:19:43',0, 0, 'Credit Card', 6,6);
insert into TransactionContainsProduct(Trans_id, Barcode, Piecies) values(220, (select Barcode from Products order by rand() limit 1),1);
insert into TransactionContainsProduct(Trans_id, Barcode, Piecies) values(220, (select Barcode from Products order by rand() limit 1),2);
insert into TransactionContainsProduct(Trans_id, Barcode, Piecies) values(220, (select Barcode from Products order by rand() limit 1),1);
insert into TransactionContainsProduct(Trans_id, Barcode, Piecies) values(220, (select Barcode from Products order by rand() limit 1),1);
insert into TransactionContainsProduct(Trans_id, Barcode, Piecies) values(220, (select Barcode from Products order by rand() limit 1),1);
insert into Transaction(Trans_id, Date_time,Total_piecies, Total_amount, Payment_method, Card, Store_id) values (221, '2020-03-16 19:35:22',0, 0, 'Credit Card', 6,7);
insert into TransactionContainsProduct(Trans_id, Barcode, Piecies) values(221, (select Barcode from Products order by rand() limit 1),1);
insert into TransactionContainsProduct(Trans_id, Barcode, Piecies) values(221, (select Barcode from Products order by rand() limit 1),1);
insert into TransactionContainsProduct(Trans_id, Barcode, Piecies) values(221, (select Barcode from Products order by rand() limit 1),1);
insert into TransactionContainsProduct(Trans_id, Barcode, Piecies) values(221, (select Barcode from Products order by rand() limit 1),1);
insert into TransactionContainsProduct(Trans_id, Barcode, Piecies) values(221, (select Barcode from Products order by rand() limit 1),1);
insert into Transaction(Trans_id, Date_time,Total_piecies, Total_amount, Payment_method, Card, Store_id) values (222, '2020-03-15 13:06:22',0, 0, 'Cash', 6,5);
insert into TransactionContainsProduct(Trans_id, Barcode, Piecies) values(222, (select Barcode from Products order by rand() limit 1),1);
insert into TransactionContainsProduct(Trans_id, Barcode, Piecies) values(222, (select Barcode from Products order by rand() limit 1),1);
insert into TransactionContainsProduct(Trans_id, Barcode, Piecies) values(222, (select Barcode from Products order by rand() limit 1),1);
insert into TransactionContainsProduct(Trans_id, Barcode, Piecies) values(222, (select Barcode from Products order by rand() limit 1),1);
insert into TransactionContainsProduct(Trans_id, Barcode, Piecies) values(222, (select Barcode from Products order by rand() limit 1),1);
insert into Transaction(Trans_id, Date_time,Total_piecies, Total_amount, Payment_method, Card, Store_id) values (223, '2020-03-20 14:29:37',0, 0, 'Credit Card', 6,6);
insert into TransactionContainsProduct(Trans_id, Barcode, Piecies) values(223, (select Barcode from Products order by rand() limit 1),1);
insert into TransactionContainsProduct(Trans_id, Barcode, Piecies) values(223, (select Barcode from Products order by rand() limit 1),1);
insert into TransactionContainsProduct(Trans_id, Barcode, Piecies) values(223, (select Barcode from Products order by rand() limit 1),2);
insert into TransactionContainsProduct(Trans_id, Barcode, Piecies) values(223, (select Barcode from Products order by rand() limit 1),1);
insert into TransactionContainsProduct(Trans_id, Barcode, Piecies) values(223, (select Barcode from Products order by rand() limit 1),2);
insert into Transaction(Trans_id, Date_time,Total_piecies, Total_amount, Payment_method, Card, Store_id) values (224, '2020-03-12 11:41:14',0, 0, 'Cash', 6,7);
insert into TransactionContainsProduct(Trans_id, Barcode, Piecies) values(224, (select Barcode from Products order by rand() limit 1),1);
insert into TransactionContainsProduct(Trans_id, Barcode, Piecies) values(224, (select Barcode from Products order by rand() limit 1),1);
insert into TransactionContainsProduct(Trans_id, Barcode, Piecies) values(224, (select Barcode from Products order by rand() limit 1),1);
insert into TransactionContainsProduct(Trans_id, Barcode, Piecies) values(224, (select Barcode from Products order by rand() limit 1),1);
insert into TransactionContainsProduct(Trans_id, Barcode, Piecies) values(224, (select Barcode from Products order by rand() limit 1),1);
insert into Transaction(Trans_id, Date_time,Total_piecies, Total_amount, Payment_method, Card, Store_id) values (225,'2020-03-13 11:41:14',0, 0, 'Credit Card', 6,5);
insert into TransactionContainsProduct(Trans_id, Barcode, Piecies) values(225, (select Barcode from Products order by rand() limit 1),1);
insert into TransactionContainsProduct(Trans_id, Barcode, Piecies) values(225, (select Barcode from Products order by rand() limit 1),1);
insert into TransactionContainsProduct(Trans_id, Barcode, Piecies) values(225, (select Barcode from Products order by rand() limit 1),1);
insert into TransactionContainsProduct(Trans_id, Barcode, Piecies) values(225, (select Barcode from Products order by rand() limit 1),1);
insert into TransactionContainsProduct(Trans_id, Barcode, Piecies) values(225, (select Barcode from Products order by rand() limit 1),1);
insert into Transaction(Trans_id, Date_time,Total_piecies, Total_amount, Payment_method, Card, Store_id) values (226, '2020-03-05 10:13:52 ',0, 0, 'Cash', 6,6);
insert into TransactionContainsProduct(Trans_id, Barcode, Piecies) values(226, (select Barcode from Products order by rand() limit 1),1);
insert into TransactionContainsProduct(Trans_id, Barcode, Piecies) values(226, (select Barcode from Products order by rand() limit 1),1);
insert into TransactionContainsProduct(Trans_id, Barcode, Piecies) values(226, (select Barcode from Products order by rand() limit 1),1);
insert into TransactionContainsProduct(Trans_id, Barcode, Piecies) values(226, (select Barcode from Products order by rand() limit 1),1);
insert into TransactionContainsProduct(Trans_id, Barcode, Piecies) values(226, (select Barcode from Products order by rand() limit 1),1);
insert into Transaction(Trans_id, Date_time,Total_piecies, Total_amount, Payment_method, Card, Store_id) values (227, '2020-03-02 13:45:24',0, 0, 'Credit Card', 6,7);
insert into TransactionContainsProduct(Trans_id, Barcode, Piecies) values(227, (select Barcode from Products order by rand() limit 1),1);
insert into TransactionContainsProduct(Trans_id, Barcode, Piecies) values(227, (select Barcode from Products order by rand() limit 1),1);
insert into TransactionContainsProduct(Trans_id, Barcode, Piecies) values(227, (select Barcode from Products order by rand() limit 1),1);
insert into TransactionContainsProduct(Trans_id, Barcode, Piecies) values(227, (select Barcode from Products order by rand() limit 1),1);
insert into TransactionContainsProduct(Trans_id, Barcode, Piecies) values(227, (select Barcode from Products order by rand() limit 1),1);
insert into Transaction(Trans_id, Date_time,Total_piecies, Total_amount, Payment_method, Card, Store_id) values (228, '2020-03-05 12:55:28',0, 0, 'Cash', 6,5);
insert into TransactionContainsProduct(Trans_id, Barcode, Piecies) values(228, (select Barcode from Products order by rand() limit 1),1);
insert into TransactionContainsProduct(Trans_id, Barcode, Piecies) values(228, (select Barcode from Products order by rand() limit 1),1);
insert into TransactionContainsProduct(Trans_id, Barcode, Piecies) values(228, (select Barcode from Products order by rand() limit 1),1);
insert into TransactionContainsProduct(Trans_id, Barcode, Piecies) values(228, (select Barcode from Products order by rand() limit 1),1);
insert into TransactionContainsProduct(Trans_id, Barcode, Piecies) values(228, (select Barcode from Products order by rand() limit 1),1);
insert into Transaction(Trans_id, Date_time,Total_piecies, Total_amount, Payment_method, Card, Store_id) values (229, '2020-03-18 14:21:06',0, 0, 'Cash', 6,6);
insert into TransactionContainsProduct(Trans_id, Barcode, Piecies) values(229, (select Barcode from Products order by rand() limit 1),1);
insert into TransactionContainsProduct(Trans_id, Barcode, Piecies) values(229, (select Barcode from Products order by rand() limit 1),2);
insert into TransactionContainsProduct(Trans_id, Barcode, Piecies) values(229, (select Barcode from Products order by rand() limit 1),1);
insert into TransactionContainsProduct(Trans_id, Barcode, Piecies) values(229, (select Barcode from Products order by rand() limit 1),1);
insert into TransactionContainsProduct(Trans_id, Barcode, Piecies) values(229, (select Barcode from Products order by rand() limit 1),1);
insert into Transaction(Trans_id, Date_time,Total_piecies, Total_amount, Payment_method, Card, Store_id) values (230, '2020-03-17 15:08:06',0, 0, 'Credit Card', 6,7);
insert into TransactionContainsProduct(Trans_id, Barcode, Piecies) values(230, (select Barcode from Products order by rand() limit 1),1);
insert into TransactionContainsProduct(Trans_id, Barcode, Piecies) values(230, (select Barcode from Products order by rand() limit 1),1);
insert into TransactionContainsProduct(Trans_id, Barcode, Piecies) values(230, (select Barcode from Products order by rand() limit 1),1);
insert into TransactionContainsProduct(Trans_id, Barcode, Piecies) values(230, (select Barcode from Products order by rand() limit 1),1);
insert into TransactionContainsProduct(Trans_id, Barcode, Piecies) values(230, (select Barcode from Products order by rand() limit 1),1);
insert into Transaction(Trans_id, Date_time,Total_piecies, Total_amount, Payment_method, Card, Store_id) values (231, '2020-04-24 12:20:43 ',0, 0, 'Credit Card', 6,5);
insert into TransactionContainsProduct(Trans_id, Barcode, Piecies) values(231, (select Barcode from Products order by rand() limit 1),2);
insert into TransactionContainsProduct(Trans_id, Barcode, Piecies) values(231, (select Barcode from Products order by rand() limit 1),1);
insert into TransactionContainsProduct(Trans_id, Barcode, Piecies) values(231, (select Barcode from Products order by rand() limit 1),1);
insert into TransactionContainsProduct(Trans_id, Barcode, Piecies) values(231, (select Barcode from Products order by rand() limit 1),1);
insert into TransactionContainsProduct(Trans_id, Barcode, Piecies) values(231, (select Barcode from Products order by rand() limit 1),1);
insert into Transaction(Trans_id, Date_time,Total_piecies, Total_amount, Payment_method, Card, Store_id) values (232, '2020-04-15 14:29:10',0, 0, 'Cash', 6,6);
insert into TransactionContainsProduct(Trans_id, Barcode, Piecies) values(232, (select Barcode from Products order by rand() limit 1),1);
insert into TransactionContainsProduct(Trans_id, Barcode, Piecies) values(232, (select Barcode from Products order by rand() limit 1),1);
insert into TransactionContainsProduct(Trans_id, Barcode, Piecies) values(232, (select Barcode from Products order by rand() limit 1),1);
insert into TransactionContainsProduct(Trans_id, Barcode, Piecies) values(232, (select Barcode from Products order by rand() limit 1),1);
insert into TransactionContainsProduct(Trans_id, Barcode, Piecies) values(232, (select Barcode from Products order by rand() limit 1),1);
insert into Transaction(Trans_id, Date_time,Total_piecies, Total_amount, Payment_method, Card, Store_id) values (233, '2020-04-01 20:23:42',0, 0, 'Credit Card', 6,7);
insert into TransactionContainsProduct(Trans_id, Barcode, Piecies) values(233, (select Barcode from Products order by rand() limit 1),2);
insert into TransactionContainsProduct(Trans_id, Barcode, Piecies) values(233, (select Barcode from Products order by rand() limit 1),1);
insert into TransactionContainsProduct(Trans_id, Barcode, Piecies) values(233, (select Barcode from Products order by rand() limit 1),2);
insert into TransactionContainsProduct(Trans_id, Barcode, Piecies) values(233, (select Barcode from Products order by rand() limit 1),1);
insert into TransactionContainsProduct(Trans_id, Barcode, Piecies) values(233, (select Barcode from Products order by rand() limit 1),1);
insert into Transaction(Trans_id, Date_time,Total_piecies, Total_amount, Payment_method, Card, Store_id) values (234, '2020-04-16 13:08:42',0, 0, 'Cash', 6,5);
insert into TransactionContainsProduct(Trans_id, Barcode, Piecies) values(234, (select Barcode from Products order by rand() limit 1),1);
insert into TransactionContainsProduct(Trans_id, Barcode, Piecies) values(234, (select Barcode from Products order by rand() limit 1),2);
insert into TransactionContainsProduct(Trans_id, Barcode, Piecies) values(234, (select Barcode from Products order by rand() limit 1),1);
insert into TransactionContainsProduct(Trans_id, Barcode, Piecies) values(234, (select Barcode from Products order by rand() limit 1),1);
insert into TransactionContainsProduct(Trans_id, Barcode, Piecies) values(234, (select Barcode from Products order by rand() limit 1),1);
insert into Transaction(Trans_id, Date_time,Total_piecies, Total_amount, Payment_method, Card, Store_id) values (235, '2020-04-07 14:24:11',0, 0, 'Cash', 6,6);
insert into TransactionContainsProduct(Trans_id, Barcode, Piecies) values(235, (select Barcode from Products order by rand() limit 1),1);
insert into TransactionContainsProduct(Trans_id, Barcode, Piecies) values(235, (select Barcode from Products order by rand() limit 1),1);
insert into TransactionContainsProduct(Trans_id, Barcode, Piecies) values(235, (select Barcode from Products order by rand() limit 1),1);
insert into TransactionContainsProduct(Trans_id, Barcode, Piecies) values(235, (select Barcode from Products order by rand() limit 1),1);
insert into TransactionContainsProduct(Trans_id, Barcode, Piecies) values(235, (select Barcode from Products order by rand() limit 1),1);
insert into Transaction(Trans_id, Date_time,Total_piecies, Total_amount, Payment_method, Card, Store_id) values (236, '2020-04-16 11:35:09',0, 0, 'Credit Card', 6,7);
insert into TransactionContainsProduct(Trans_id, Barcode, Piecies) values(236, (select Barcode from Products order by rand() limit 1),1);
insert into TransactionContainsProduct(Trans_id, Barcode, Piecies) values(236, (select Barcode from Products order by rand() limit 1),1);
insert into TransactionContainsProduct(Trans_id, Barcode, Piecies) values(236, (select Barcode from Products order by rand() limit 1),1);
insert into TransactionContainsProduct(Trans_id, Barcode, Piecies) values(236, (select Barcode from Products order by rand() limit 1),1);
insert into TransactionContainsProduct(Trans_id, Barcode, Piecies) values(236, (select Barcode from Products order by rand() limit 1),1);
insert into Transaction(Trans_id, Date_time,Total_piecies, Total_amount, Payment_method, Card, Store_id) values (237, '2020-04-28 17:43:00',0, 0, 'Credit Card', 6,5);
insert into TransactionContainsProduct(Trans_id, Barcode, Piecies) values(237, (select Barcode from Products order by rand() limit 1),1);
insert into TransactionContainsProduct(Trans_id, Barcode, Piecies) values(237, (select Barcode from Products order by rand() limit 1),1);
insert into TransactionContainsProduct(Trans_id, Barcode, Piecies) values(237, (select Barcode from Products order by rand() limit 1),1);
insert into TransactionContainsProduct(Trans_id, Barcode, Piecies) values(237, (select Barcode from Products order by rand() limit 1),1);
insert into TransactionContainsProduct(Trans_id, Barcode, Piecies) values(237, (select Barcode from Products order by rand() limit 1),1);
insert into Transaction(Trans_id, Date_time,Total_piecies, Total_amount, Payment_method, Card, Store_id) values (238, '2020-04-22 17:58:40',0, 0, 'Credit Card', 6,6);
insert into TransactionContainsProduct(Trans_id, Barcode, Piecies) values(238, (select Barcode from Products order by rand() limit 1),1);
insert into TransactionContainsProduct(Trans_id, Barcode, Piecies) values(238, (select Barcode from Products order by rand() limit 1),1);
insert into TransactionContainsProduct(Trans_id, Barcode, Piecies) values(238, (select Barcode from Products order by rand() limit 1),1);
insert into TransactionContainsProduct(Trans_id, Barcode, Piecies) values(238, (select Barcode from Products order by rand() limit 1),1);
insert into TransactionContainsProduct(Trans_id, Barcode, Piecies) values(238, (select Barcode from Products order by rand() limit 1),1);
insert into Transaction(Trans_id, Date_time,Total_piecies, Total_amount, Payment_method, Card, Store_id) values (239, '2020-04-10 18:24:45',0, 0, 'Cash', 6,7);
insert into TransactionContainsProduct(Trans_id, Barcode, Piecies) values(239, (select Barcode from Products order by rand() limit 1),2);
insert into TransactionContainsProduct(Trans_id, Barcode, Piecies) values(239, (select Barcode from Products order by rand() limit 1),1);
insert into TransactionContainsProduct(Trans_id, Barcode, Piecies) values(239, (select Barcode from Products order by rand() limit 1),1);
insert into TransactionContainsProduct(Trans_id, Barcode, Piecies) values(239, (select Barcode from Products order by rand() limit 1),1);
insert into TransactionContainsProduct(Trans_id, Barcode, Piecies) values(239, (select Barcode from Products order by rand() limit 1),1);
insert into Transaction(Trans_id, Date_time,Total_piecies, Total_amount, Payment_method, Card, Store_id) values (240, '2020-04-13 17:07:43',0, 0, 'Credit Card', 6,5);
insert into TransactionContainsProduct(Trans_id, Barcode, Piecies) values(240, (select Barcode from Products order by rand() limit 1),2);
insert into TransactionContainsProduct(Trans_id, Barcode, Piecies) values(240, (select Barcode from Products order by rand() limit 1),1);
insert into TransactionContainsProduct(Trans_id, Barcode, Piecies) values(240, (select Barcode from Products order by rand() limit 1),1);
insert into TransactionContainsProduct(Trans_id, Barcode, Piecies) values(240, (select Barcode from Products order by rand() limit 1),1);
insert into TransactionContainsProduct(Trans_id, Barcode, Piecies) values(240, (select Barcode from Products order by rand() limit 1),1);